UTC,Open,High,Low,Close,Volume
06.03.2026 00:00:00.000 UTC,1.16064,1.16076,1.1606,1.16074,109.55
06.03.2026 00:01:00.000 UTC,1.16077,1.16088,1.16066,1.16075,95.81
06.03.2026 00:02:00.000 UTC,1.16075,1.16075,1.16051,1.16067,71.49
06.03.2026 00:03:00.000 UTC,1.16065,1.16067,1.16057,1.16058,48.11
06.03.2026 00:04:00.000 UTC,1.16056,1.16092,1.16054,1.16092,64.12
06.03.2026 00:05:00.000 UTC,1.1609,1.16095,1.16082,1.16082,45.19
06.03.2026 00:06:00.000 UTC,1.16082,1.16101,1.16082,1.16098,55.92
06.03.2026 00:07:00.000 UTC,1.16097,1.16097,1.16089,1.16092,36.88
06.03.2026 00:08:00.000 UTC,1.16094,1.16099,1.16092,1.16099,21.6
06.03.2026 00:09:00.000 UTC,1.16099,1.16106,1.16097,1.16097,29.7
06.03.2026 00:10:00.000 UTC,1.16096,1.16103,1.16091,1.16099,47.07
06.03.2026 00:11:00.000 UTC,1.16098,1.16101,1.16093,1.16093,26.53
06.03.2026 00:12:00.000 UTC,1.16093,1.16093,1.16083,1.16088,29.7
06.03.2026 00:13:00.000 UTC,1.16088,1.16088,1.16081,1.16083,22.5
06.03.2026 00:14:00.000 UTC,1.16081,1.16099,1.16081,1.16092,50.58
06.03.2026 00:15:00.000 UTC,1.1609,1.161,1.1609,1.161,35.1
06.03.2026 00:16:00.000 UTC,1.161,1.16108,1.16093,1.16104,44.1
06.03.2026 00:17:00.000 UTC,1.16106,1.16121,1.161,1.16121,47.25
06.03.2026 00:18:00.000 UTC,1.16122,1.16129,1.16121,1.16128,27.66
06.03.2026 00:19:00.000 UTC,1.16127,1.16133,1.16127,1.16133,36
06.03.2026 00:20:00.000 UTC,1.16133,1.16138,1.16122,1.16126,51.75
06.03.2026 00:21:00.000 UTC,1.16129,1.16137,1.16129,1.16133,51.3
06.03.2026 00:22:00.000 UTC,1.16133,1.16138,1.16127,1.16138,66.69
06.03.2026 00:23:00.000 UTC,1.16138,1.1614,1.16134,1.16138,35.1
06.03.2026 00:24:00.000 UTC,1.1614,1.16142,1.16126,1.16126,68.62
06.03.2026 00:25:00.000 UTC,1.16128,1.16134,1.16127,1.16128,40.14
06.03.2026 00:26:00.000 UTC,1.16128,1.16142,1.1612,1.16141,108.99
06.03.2026 00:27:00.000 UTC,1.16142,1.16142,1.16137,1.1614,11.7
06.03.2026 00:28:00.000 UTC,1.16141,1.16141,1.16132,1.16141,20.7
06.03.2026 00:29:00.000 UTC,1.16139,1.16141,1.16133,1.16133,31.5
06.03.2026 00:30:00.000 UTC,1.16133,1.16138,1.1612,1.16123,33.26
06.03.2026 00:31:00.000 UTC,1.1612,1.16128,1.1612,1.16127,27.9
06.03.2026 00:32:00.000 UTC,1.16126,1.16131,1.16123,1.16129,22.62
06.03.2026 00:33:00.000 UTC,1.1613,1.16137,1.16113,1.16116,52.94
06.03.2026 00:34:00.000 UTC,1.16116,1.1612,1.16109,1.16118,36.22
06.03.2026 00:35:00.000 UTC,1.16117,1.1612,1.16109,1.16114,42.3
06.03.2026 00:36:00.000 UTC,1.16117,1.16122,1.16094,1.16099,66.99
06.03.2026 00:37:00.000 UTC,1.16098,1.16105,1.16097,1.16104,19.8
06.03.2026 00:38:00.000 UTC,1.16103,1.16103,1.16095,1.16095,36.9
06.03.2026 00:39:00.000 UTC,1.16097,1.16098,1.16092,1.16092,24.3
06.03.2026 00:40:00.000 UTC,1.16092,1.16109,1.16092,1.16104,30.13
06.03.2026 00:41:00.000 UTC,1.16103,1.16105,1.16096,1.16101,45.9
06.03.2026 00:42:00.000 UTC,1.161,1.16107,1.161,1.16104,23.49
06.03.2026 00:43:00.000 UTC,1.16104,1.16113,1.16101,1.16104,46.8
06.03.2026 00:44:00.000 UTC,1.16106,1.16112,1.16103,1.1611,36.9
06.03.2026 00:45:00.000 UTC,1.16108,1.16118,1.16105,1.16105,24.3
06.03.2026 00:46:00.000 UTC,1.16104,1.16118,1.16104,1.16118,26.1
06.03.2026 00:47:00.000 UTC,1.16119,1.16122,1.16103,1.16111,44.1
06.03.2026 00:48:00.000 UTC,1.16112,1.16124,1.16112,1.16119,37.8
06.03.2026 00:49:00.000 UTC,1.16118,1.1612,1.16112,1.16114,27.9
06.03.2026 00:50:00.000 UTC,1.16113,1.16116,1.1611,1.16112,37.8
06.03.2026 00:51:00.000 UTC,1.16112,1.16112,1.16107,1.16112,22.5
06.03.2026 00:52:00.000 UTC,1.16114,1.16123,1.16113,1.16121,52.63
06.03.2026 00:53:00.000 UTC,1.1612,1.16122,1.16112,1.16117,61.18
06.03.2026 00:54:00.000 UTC,1.16116,1.16121,1.16108,1.16121,81.99
06.03.2026 00:55:00.000 UTC,1.1612,1.16127,1.16111,1.16114,88.2
06.03.2026 00:56:00.000 UTC,1.16114,1.16114,1.16102,1.16104,65.7
06.03.2026 00:57:00.000 UTC,1.16103,1.16109,1.16099,1.16101,55.8
06.03.2026 00:58:00.000 UTC,1.16101,1.1611,1.16099,1.16109,37.35
06.03.2026 00:59:00.000 UTC,1.16107,1.16112,1.16104,1.16109,29.25
06.03.2026 01:00:00.000 UTC,1.16108,1.1612,1.16099,1.16117,110.91
06.03.2026 01:01:00.000 UTC,1.16115,1.16115,1.16095,1.16108,100.08
06.03.2026 01:02:00.000 UTC,1.16109,1.16112,1.16094,1.16104,90.43
06.03.2026 01:03:00.000 UTC,1.16104,1.16107,1.16097,1.16101,59.17
06.03.2026 01:04:00.000 UTC,1.16098,1.16102,1.16087,1.16102,54.67
06.03.2026 01:05:00.000 UTC,1.16099,1.16118,1.16098,1.16118,62.1
06.03.2026 01:06:00.000 UTC,1.16119,1.16125,1.16116,1.16117,77.92
06.03.2026 01:07:00.000 UTC,1.1612,1.16129,1.16117,1.16126,64.8
06.03.2026 01:08:00.000 UTC,1.16128,1.16134,1.16126,1.16131,44.1
06.03.2026 01:09:00.000 UTC,1.16131,1.16142,1.16131,1.16142,42.3
06.03.2026 01:10:00.000 UTC,1.16143,1.16152,1.16139,1.16144,45.9
06.03.2026 01:11:00.000 UTC,1.16142,1.16142,1.16134,1.16139,27.9
06.03.2026 01:12:00.000 UTC,1.1614,1.16154,1.16138,1.16151,44.1
06.03.2026 01:13:00.000 UTC,1.16152,1.16158,1.16142,1.16142,67.91
06.03.2026 01:14:00.000 UTC,1.16142,1.16155,1.16141,1.16153,29.7
06.03.2026 01:15:00.000 UTC,1.16153,1.16158,1.16138,1.16157,72.74
06.03.2026 01:16:00.000 UTC,1.16157,1.16158,1.16152,1.16154,28.08
06.03.2026 01:17:00.000 UTC,1.16154,1.16157,1.16148,1.16155,46.02
06.03.2026 01:18:00.000 UTC,1.16155,1.16162,1.16153,1.1616,47.25
06.03.2026 01:19:00.000 UTC,1.1616,1.16161,1.16154,1.16154,18.9
06.03.2026 01:20:00.000 UTC,1.16155,1.16159,1.16153,1.16158,34.2
06.03.2026 01:21:00.000 UTC,1.16157,1.16158,1.16135,1.16142,89.1
06.03.2026 01:22:00.000 UTC,1.16143,1.16143,1.16117,1.16121,59.17
06.03.2026 01:23:00.000 UTC,1.16122,1.16125,1.16111,1.16113,84.21
06.03.2026 01:24:00.000 UTC,1.16114,1.16115,1.16099,1.16108,9
06.03.2026 01:25:00.000 UTC,1.1611,1.16113,1.16101,1.16101,32.4
06.03.2026 01:26:00.000 UTC,1.16102,1.1611,1.16101,1.16103,31.95
06.03.2026 01:27:00.000 UTC,1.16104,1.16104,1.16086,1.16086,33.73
06.03.2026 01:28:00.000 UTC,1.16085,1.16085,1.16068,1.16077,38.66
06.03.2026 01:29:00.000 UTC,1.16078,1.16078,1.16071,1.16072,44.4
06.03.2026 01:30:00.000 UTC,1.16072,1.16104,1.16072,1.16098,160.85
06.03.2026 01:31:00.000 UTC,1.16098,1.16115,1.16097,1.16112,176.16
06.03.2026 01:32:00.000 UTC,1.1611,1.1611,1.16097,1.16103,116.1
06.03.2026 01:33:00.000 UTC,1.16102,1.16118,1.16101,1.16114,85.59
06.03.2026 01:34:00.000 UTC,1.16114,1.16155,1.16112,1.16152,119.24
06.03.2026 01:35:00.000 UTC,1.16153,1.16171,1.16152,1.1616,206.1
06.03.2026 01:36:00.000 UTC,1.16159,1.16167,1.16142,1.16164,133.4
06.03.2026 01:37:00.000 UTC,1.16163,1.16182,1.16161,1.16178,190.8
06.03.2026 01:38:00.000 UTC,1.16178,1.16178,1.16153,1.16154,194.4
06.03.2026 01:39:00.000 UTC,1.16154,1.1617,1.16149,1.16154,121.94
06.03.2026 01:40:00.000 UTC,1.16157,1.16163,1.16148,1.16163,103.5
06.03.2026 01:41:00.000 UTC,1.1616,1.16161,1.16151,1.16156,85.72
06.03.2026 01:42:00.000 UTC,1.16156,1.16157,1.16147,1.16154,69.26
06.03.2026 01:43:00.000 UTC,1.16156,1.16157,1.16148,1.16154,36
06.03.2026 01:44:00.000 UTC,1.16154,1.16154,1.16144,1.16148,50.4
06.03.2026 01:45:00.000 UTC,1.16148,1.16158,1.16147,1.16156,62.1
06.03.2026 01:46:00.000 UTC,1.16154,1.16154,1.16133,1.16139,80.1
06.03.2026 01:47:00.000 UTC,1.16141,1.16154,1.16131,1.16154,74.25
06.03.2026 01:48:00.000 UTC,1.16152,1.16165,1.16149,1.16162,46.44
06.03.2026 01:49:00.000 UTC,1.16163,1.16167,1.16162,1.16164,32.4
06.03.2026 01:50:00.000 UTC,1.16163,1.16168,1.16159,1.16166,69.29
06.03.2026 01:51:00.000 UTC,1.16167,1.16178,1.16165,1.16168,83.45
06.03.2026 01:52:00.000 UTC,1.16168,1.16181,1.16168,1.16177,77.71
06.03.2026 01:53:00.000 UTC,1.16178,1.16192,1.16174,1.16189,51.3
06.03.2026 01:54:00.000 UTC,1.1619,1.16191,1.16179,1.1618,56.46
06.03.2026 01:55:00.000 UTC,1.16182,1.16197,1.16182,1.16189,77.85
06.03.2026 01:56:00.000 UTC,1.16192,1.16201,1.16179,1.16184,111.53
06.03.2026 01:57:00.000 UTC,1.16184,1.16184,1.16159,1.16159,78.61
06.03.2026 01:58:00.000 UTC,1.16159,1.1617,1.16151,1.16152,92.92
06.03.2026 01:59:00.000 UTC,1.16151,1.16159,1.16146,1.16149,115.31
06.03.2026 02:00:00.000 UTC,1.16149,1.1616,1.1614,1.16159,107.47
06.03.2026 02:01:00.000 UTC,1.16163,1.16188,1.16163,1.16187,161.75
06.03.2026 02:02:00.000 UTC,1.16187,1.16192,1.16174,1.16187,84.6
06.03.2026 02:03:00.000 UTC,1.16187,1.16193,1.16182,1.16184,95.7
06.03.2026 02:04:00.000 UTC,1.16186,1.16187,1.16168,1.16173,71.65
06.03.2026 02:05:00.000 UTC,1.16173,1.16174,1.16155,1.16155,72.9
06.03.2026 02:06:00.000 UTC,1.16154,1.16163,1.16153,1.16155,58.93
06.03.2026 02:07:00.000 UTC,1.16155,1.16159,1.16148,1.16148,66.56
06.03.2026 02:08:00.000 UTC,1.16148,1.16155,1.16146,1.16154,58.5
06.03.2026 02:09:00.000 UTC,1.16153,1.16154,1.16147,1.16153,28.8
06.03.2026 02:10:00.000 UTC,1.16153,1.1616,1.16143,1.16158,61.85
06.03.2026 02:11:00.000 UTC,1.16158,1.16159,1.1615,1.16151,34.2
06.03.2026 02:12:00.000 UTC,1.1615,1.16162,1.1615,1.16162,50.49
06.03.2026 02:13:00.000 UTC,1.16163,1.16177,1.16162,1.16174,42.75
06.03.2026 02:14:00.000 UTC,1.16173,1.16177,1.16168,1.16173,62.64
06.03.2026 02:15:00.000 UTC,1.16174,1.16194,1.16174,1.16191,57.82
06.03.2026 02:16:00.000 UTC,1.16192,1.16203,1.16188,1.16203,40.95
06.03.2026 02:17:00.000 UTC,1.16201,1.16201,1.16173,1.16188,60.72
06.03.2026 02:18:00.000 UTC,1.16189,1.16193,1.16178,1.16178,36
06.03.2026 02:19:00.000 UTC,1.1618,1.16189,1.16177,1.16189,27
06.03.2026 02:20:00.000 UTC,1.16187,1.16188,1.1618,1.16187,33.3
06.03.2026 02:21:00.000 UTC,1.16185,1.16195,1.16183,1.16194,35.55
06.03.2026 02:22:00.000 UTC,1.16193,1.16196,1.1619,1.16195,25.2
06.03.2026 02:23:00.000 UTC,1.16193,1.16196,1.16188,1.1619,49.02
06.03.2026 02:24:00.000 UTC,1.16191,1.16191,1.16182,1.16182,11.82
06.03.2026 02:25:00.000 UTC,1.16181,1.16186,1.16179,1.16185,54
06.03.2026 02:26:00.000 UTC,1.16184,1.1619,1.16183,1.16188,34.29
06.03.2026 02:27:00.000 UTC,1.16187,1.16188,1.16178,1.16182,32.4
06.03.2026 02:28:00.000 UTC,1.16184,1.1619,1.16183,1.16184,33.3
06.03.2026 02:29:00.000 UTC,1.16183,1.1619,1.16183,1.16189,48.15
06.03.2026 02:30:00.000 UTC,1.16188,1.16192,1.16184,1.16189,55.89
06.03.2026 02:31:00.000 UTC,1.16188,1.16188,1.16177,1.16178,47.45
06.03.2026 02:32:00.000 UTC,1.1618,1.16197,1.1618,1.1619,62.55
06.03.2026 02:33:00.000 UTC,1.16188,1.16201,1.16187,1.16188,39.6
06.03.2026 02:34:00.000 UTC,1.16189,1.16193,1.16175,1.16175,54.18
06.03.2026 02:35:00.000 UTC,1.16174,1.16176,1.16166,1.16166,39.6
06.03.2026 02:36:00.000 UTC,1.16166,1.16174,1.16162,1.16174,32.83
06.03.2026 02:37:00.000 UTC,1.16173,1.1618,1.16171,1.16179,47.7
06.03.2026 02:38:00.000 UTC,1.16176,1.16176,1.1616,1.16166,47.79
06.03.2026 02:39:00.000 UTC,1.16168,1.16173,1.16162,1.16165,65.75
06.03.2026 02:40:00.000 UTC,1.16164,1.16173,1.16164,1.16169,38.7
06.03.2026 02:41:00.000 UTC,1.16171,1.16175,1.16167,1.16174,30.6
06.03.2026 02:42:00.000 UTC,1.16175,1.1618,1.16174,1.16179,26.1
06.03.2026 02:43:00.000 UTC,1.16178,1.16183,1.16177,1.16183,27
06.03.2026 02:44:00.000 UTC,1.16181,1.16181,1.16178,1.16178,4.5
06.03.2026 02:45:00.000 UTC,1.16178,1.16189,1.16176,1.16184,32.38
06.03.2026 02:46:00.000 UTC,1.16184,1.16187,1.16184,1.16187,6.3
06.03.2026 02:47:00.000 UTC,1.16189,1.1619,1.16172,1.16174,44.32
06.03.2026 02:48:00.000 UTC,1.16174,1.16174,1.16156,1.16161,42.05
06.03.2026 02:49:00.000 UTC,1.16162,1.1617,1.16162,1.16168,39.81
06.03.2026 02:50:00.000 UTC,1.16167,1.16168,1.16163,1.16164,24.3
06.03.2026 02:51:00.000 UTC,1.16164,1.16171,1.16164,1.16167,50.4
06.03.2026 02:52:00.000 UTC,1.16168,1.16168,1.16162,1.16165,39.13
06.03.2026 02:53:00.000 UTC,1.16165,1.16166,1.16152,1.16164,58.93
06.03.2026 02:54:00.000 UTC,1.16162,1.16163,1.16152,1.16155,29.7
06.03.2026 02:55:00.000 UTC,1.16158,1.16163,1.16156,1.16156,67.5
06.03.2026 02:56:00.000 UTC,1.16157,1.1616,1.16151,1.16151,34.2
06.03.2026 02:57:00.000 UTC,1.16152,1.16163,1.16152,1.16162,15.3
06.03.2026 02:58:00.000 UTC,1.16163,1.16174,1.16157,1.16157,45.9
06.03.2026 02:59:00.000 UTC,1.16157,1.16166,1.16157,1.16164,30.15
06.03.2026 03:00:00.000 UTC,1.16163,1.16179,1.16161,1.16179,61.16
06.03.2026 03:01:00.000 UTC,1.16181,1.16198,1.16181,1.16188,69.27
06.03.2026 03:02:00.000 UTC,1.16189,1.16189,1.16182,1.16182,17.1
06.03.2026 03:03:00.000 UTC,1.16183,1.16183,1.16166,1.1617,101.77
06.03.2026 03:04:00.000 UTC,1.16173,1.16187,1.1617,1.16183,20.7
06.03.2026 03:05:00.000 UTC,1.16186,1.16194,1.16184,1.16193,44.77
06.03.2026 03:06:00.000 UTC,1.16192,1.16195,1.16183,1.16185,41.62
06.03.2026 03:07:00.000 UTC,1.16186,1.16197,1.16186,1.16188,41.83
06.03.2026 03:08:00.000 UTC,1.16186,1.16187,1.16181,1.16181,29.43
06.03.2026 03:09:00.000 UTC,1.16178,1.16183,1.16171,1.16173,38.02
06.03.2026 03:10:00.000 UTC,1.16173,1.16179,1.16173,1.16179,16.38
06.03.2026 03:11:00.000 UTC,1.16178,1.16179,1.16173,1.16177,23.64
06.03.2026 03:12:00.000 UTC,1.16179,1.16182,1.16174,1.16179,38.7
06.03.2026 03:13:00.000 UTC,1.16178,1.16179,1.16168,1.16168,33.74
06.03.2026 03:14:00.000 UTC,1.16167,1.16173,1.16166,1.16173,21.6
06.03.2026 03:15:00.000 UTC,1.16173,1.16173,1.16167,1.16168,16.2
06.03.2026 03:16:00.000 UTC,1.16169,1.16174,1.16164,1.16173,22.5
06.03.2026 03:17:00.000 UTC,1.16173,1.16177,1.16166,1.16177,32.26
06.03.2026 03:18:00.000 UTC,1.16176,1.16176,1.16161,1.1617,22.27
06.03.2026 03:19:00.000 UTC,1.1617,1.16172,1.16164,1.16167,25.35
06.03.2026 03:20:00.000 UTC,1.16169,1.16175,1.16165,1.16175,42.3
06.03.2026 03:21:00.000 UTC,1.16175,1.16182,1.16174,1.16174,27.45
06.03.2026 03:22:00.000 UTC,1.16175,1.16187,1.16175,1.16184,48.69
06.03.2026 03:23:00.000 UTC,1.16182,1.16205,1.16182,1.16203,39.6
06.03.2026 03:24:00.000 UTC,1.16202,1.16203,1.16192,1.16193,20.5
06.03.2026 03:25:00.000 UTC,1.16197,1.16199,1.16191,1.16199,25.42
06.03.2026 03:26:00.000 UTC,1.16199,1.16203,1.16191,1.16196,44.1
06.03.2026 03:27:00.000 UTC,1.16195,1.16201,1.16195,1.16198,36
06.03.2026 03:28:00.000 UTC,1.16197,1.16198,1.16189,1.16189,42.42
06.03.2026 03:29:00.000 UTC,1.16191,1.16193,1.16186,1.16192,45
06.03.2026 03:30:00.000 UTC,1.16192,1.16197,1.16184,1.16195,51.07
06.03.2026 03:31:00.000 UTC,1.16193,1.16196,1.16183,1.16185,53.32
06.03.2026 03:32:00.000 UTC,1.16184,1.16184,1.1617,1.16171,30.47
06.03.2026 03:33:00.000 UTC,1.1617,1.16174,1.16164,1.16171,29.92
06.03.2026 03:34:00.000 UTC,1.16171,1.16175,1.16167,1.16173,39.6
06.03.2026 03:35:00.000 UTC,1.16173,1.1618,1.16171,1.16177,35.3
06.03.2026 03:36:00.000 UTC,1.16179,1.16184,1.16178,1.1618,44.55
06.03.2026 03:37:00.000 UTC,1.16178,1.16184,1.16174,1.16183,30.69
06.03.2026 03:38:00.000 UTC,1.16182,1.16183,1.16177,1.16177,15.75
06.03.2026 03:39:00.000 UTC,1.16178,1.16185,1.16177,1.16178,30.6
06.03.2026 03:40:00.000 UTC,1.1618,1.16184,1.1618,1.16182,15.3
06.03.2026 03:41:00.000 UTC,1.1618,1.1618,1.16177,1.16179,12.6
06.03.2026 03:42:00.000 UTC,1.16179,1.16179,1.16161,1.16162,30.12
06.03.2026 03:43:00.000 UTC,1.16161,1.16167,1.16161,1.16167,11.7
06.03.2026 03:44:00.000 UTC,1.16169,1.16174,1.16166,1.16173,27.54
06.03.2026 03:45:00.000 UTC,1.16173,1.16174,1.16169,1.16173,43.2
06.03.2026 03:46:00.000 UTC,1.16174,1.16184,1.16173,1.16184,47.7
06.03.2026 03:47:00.000 UTC,1.16182,1.16195,1.16179,1.16195,68.4
06.03.2026 03:48:00.000 UTC,1.16194,1.16205,1.16193,1.16199,49.5
06.03.2026 03:49:00.000 UTC,1.162,1.16202,1.16197,1.16199,24.3
06.03.2026 03:50:00.000 UTC,1.16198,1.162,1.16197,1.16199,10.8
06.03.2026 03:51:00.000 UTC,1.16195,1.16195,1.16182,1.16184,57.79
06.03.2026 03:52:00.000 UTC,1.16182,1.16203,1.16182,1.16203,26.1
06.03.2026 03:53:00.000 UTC,1.16203,1.16203,1.16195,1.16195,20.11
06.03.2026 03:54:00.000 UTC,1.16193,1.16194,1.16191,1.16194,10.8
06.03.2026 03:55:00.000 UTC,1.16194,1.16198,1.16193,1.16197,18.9
06.03.2026 03:56:00.000 UTC,1.16199,1.16201,1.16193,1.16193,11.82
06.03.2026 03:58:00.000 UTC,1.16192,1.16193,1.1619,1.16193,14.4
06.03.2026 03:59:00.000 UTC,1.16197,1.162,1.16197,1.162,10.8
06.03.2026 04:00:00.000 UTC,1.162,1.16201,1.16184,1.16184,66.82
06.03.2026 04:01:00.000 UTC,1.16184,1.1619,1.16183,1.16183,51.52
06.03.2026 04:02:00.000 UTC,1.16184,1.16191,1.16183,1.16189,34.2
06.03.2026 04:03:00.000 UTC,1.1619,1.1619,1.16187,1.1619,17.19
06.03.2026 04:04:00.000 UTC,1.16189,1.16189,1.16183,1.16183,8.75
06.03.2026 04:05:00.000 UTC,1.16182,1.16188,1.16181,1.16185,33.37
06.03.2026 04:06:00.000 UTC,1.16184,1.16194,1.16184,1.16192,17.1
06.03.2026 04:07:00.000 UTC,1.16195,1.16198,1.1619,1.16193,45.65
06.03.2026 04:08:00.000 UTC,1.16193,1.16195,1.16191,1.16194,57.6
06.03.2026 04:09:00.000 UTC,1.16195,1.162,1.16189,1.16193,84.82
06.03.2026 04:10:00.000 UTC,1.16193,1.16196,1.16193,1.16194,36.9
06.03.2026 04:11:00.000 UTC,1.16195,1.16198,1.16193,1.16197,41.4
06.03.2026 04:12:00.000 UTC,1.16198,1.16198,1.16192,1.16197,41.4
06.03.2026 04:13:00.000 UTC,1.16195,1.16203,1.16195,1.16198,34.2
06.03.2026 04:14:00.000 UTC,1.16199,1.16199,1.1619,1.16191,88.65
06.03.2026 04:15:00.000 UTC,1.16192,1.16203,1.16188,1.16199,88.42
06.03.2026 04:16:00.000 UTC,1.16197,1.162,1.16197,1.16198,10.8
06.03.2026 04:17:00.000 UTC,1.162,1.16207,1.16189,1.16193,37.11
06.03.2026 04:18:00.000 UTC,1.16192,1.16194,1.16189,1.16189,29.25
06.03.2026 04:19:00.000 UTC,1.1619,1.16193,1.16187,1.16193,9.9
06.03.2026 04:20:00.000 UTC,1.16193,1.16193,1.16178,1.16185,32.6
06.03.2026 04:21:00.000 UTC,1.16184,1.16184,1.16179,1.16179,9
06.03.2026 04:22:00.000 UTC,1.16177,1.16183,1.16177,1.16181,12.69
06.03.2026 04:23:00.000 UTC,1.16183,1.16185,1.16176,1.16176,25.73
06.03.2026 04:24:00.000 UTC,1.16178,1.16182,1.16178,1.16182,16.2
06.03.2026 04:25:00.000 UTC,1.16182,1.16186,1.16182,1.16185,16.29
06.03.2026 04:26:00.000 UTC,1.16183,1.16197,1.16183,1.16193,22.5
06.03.2026 04:27:00.000 UTC,1.16192,1.162,1.16192,1.16196,20.47
06.03.2026 04:28:00.000 UTC,1.16196,1.16198,1.16195,1.16195,14.62
06.03.2026 04:29:00.000 UTC,1.16194,1.16202,1.16192,1.16197,27.98
06.03.2026 04:30:00.000 UTC,1.16201,1.16202,1.16198,1.16199,16.2
06.03.2026 04:31:00.000 UTC,1.16196,1.16198,1.16192,1.16198,11.59
06.03.2026 04:32:00.000 UTC,1.16198,1.16204,1.16195,1.16204,18.9
06.03.2026 04:33:00.000 UTC,1.16204,1.16211,1.16204,1.16208,28.2
06.03.2026 04:34:00.000 UTC,1.16208,1.16209,1.16207,1.16207,14.4
06.03.2026 04:35:00.000 UTC,1.16204,1.16204,1.16197,1.162,66.14
06.03.2026 04:36:00.000 UTC,1.162,1.162,1.16196,1.16196,34.41
06.03.2026 04:37:00.000 UTC,1.16197,1.16205,1.16192,1.16192,48.01
06.03.2026 04:38:00.000 UTC,1.16189,1.16189,1.16183,1.16187,67.5
06.03.2026 04:39:00.000 UTC,1.16187,1.16188,1.16184,1.16186,16.2
06.03.2026 04:40:00.000 UTC,1.16186,1.16188,1.16173,1.16173,42.64
06.03.2026 04:41:00.000 UTC,1.16176,1.16176,1.16173,1.16174,17.55
06.03.2026 04:42:00.000 UTC,1.16176,1.16182,1.16173,1.16179,43.29
06.03.2026 04:43:00.000 UTC,1.16181,1.16182,1.1617,1.16174,31.48
06.03.2026 04:44:00.000 UTC,1.16174,1.16178,1.16172,1.16177,16.29
06.03.2026 04:45:00.000 UTC,1.16176,1.16177,1.16171,1.16172,15.52
06.03.2026 04:46:00.000 UTC,1.16172,1.16173,1.16164,1.16164,33.14
06.03.2026 04:47:00.000 UTC,1.16165,1.16173,1.16165,1.16173,10.35
06.03.2026 04:48:00.000 UTC,1.16172,1.16176,1.16172,1.16172,13.14
06.03.2026 04:49:00.000 UTC,1.16173,1.16173,1.16172,1.16172,2.7
06.03.2026 04:50:00.000 UTC,1.16176,1.16177,1.16174,1.16174,10.35
06.03.2026 04:51:00.000 UTC,1.16174,1.16174,1.16168,1.16173,17.53
06.03.2026 04:52:00.000 UTC,1.16171,1.16174,1.16168,1.16168,23.49
06.03.2026 04:53:00.000 UTC,1.16167,1.16167,1.16141,1.16143,71.22
06.03.2026 04:54:00.000 UTC,1.16146,1.16148,1.16146,1.16148,9.9
06.03.2026 04:55:00.000 UTC,1.16144,1.16148,1.16137,1.16144,44.07
06.03.2026 04:56:00.000 UTC,1.16143,1.16144,1.16133,1.16137,20.32
06.03.2026 04:57:00.000 UTC,1.16136,1.16137,1.16131,1.16133,25.65
06.03.2026 04:58:00.000 UTC,1.16134,1.16138,1.16128,1.16138,31.5
06.03.2026 04:59:00.000 UTC,1.16136,1.16139,1.16134,1.16135,16.2
06.03.2026 05:00:00.000 UTC,1.16133,1.16135,1.16118,1.16125,126
06.03.2026 05:01:00.000 UTC,1.16126,1.16129,1.16123,1.16126,54
06.03.2026 05:02:00.000 UTC,1.16126,1.16133,1.16126,1.16129,34.2
06.03.2026 05:03:00.000 UTC,1.16127,1.16136,1.16127,1.16135,30.69
06.03.2026 05:04:00.000 UTC,1.16134,1.16135,1.16128,1.16128,23.74
06.03.2026 05:05:00.000 UTC,1.16127,1.16142,1.16121,1.16138,53.55
06.03.2026 05:06:00.000 UTC,1.16138,1.16139,1.16126,1.16126,32.4
06.03.2026 05:07:00.000 UTC,1.16127,1.16132,1.16124,1.16128,30.6
06.03.2026 05:08:00.000 UTC,1.16128,1.16147,1.16128,1.16144,41.4
06.03.2026 05:09:00.000 UTC,1.16144,1.16144,1.16132,1.16132,34.2
06.03.2026 05:10:00.000 UTC,1.16131,1.16138,1.16131,1.16134,47.92
06.03.2026 05:11:00.000 UTC,1.16134,1.16135,1.16131,1.16132,34.74
06.03.2026 05:12:00.000 UTC,1.16133,1.16137,1.16131,1.16131,36.52
06.03.2026 05:13:00.000 UTC,1.1613,1.16131,1.16123,1.16127,21.14
06.03.2026 05:14:00.000 UTC,1.16127,1.16127,1.16116,1.16119,26.55
06.03.2026 05:15:00.000 UTC,1.16117,1.16122,1.16114,1.16115,40.27
06.03.2026 05:16:00.000 UTC,1.16113,1.1612,1.1611,1.16114,46.8
06.03.2026 05:17:00.000 UTC,1.16117,1.16124,1.16117,1.16122,14.4
06.03.2026 05:18:00.000 UTC,1.16121,1.16124,1.16114,1.16114,51.07
06.03.2026 05:19:00.000 UTC,1.16113,1.1612,1.16112,1.16116,44.32
06.03.2026 05:20:00.000 UTC,1.16118,1.16121,1.16113,1.16113,37.3
06.03.2026 05:21:00.000 UTC,1.16113,1.16114,1.1611,1.16111,11.02
06.03.2026 05:22:00.000 UTC,1.16111,1.16115,1.16105,1.16114,30.24
06.03.2026 05:23:00.000 UTC,1.16113,1.16132,1.1611,1.16132,74.64
06.03.2026 05:24:00.000 UTC,1.16131,1.16134,1.16126,1.1613,64.21
06.03.2026 05:25:00.000 UTC,1.16131,1.16131,1.16122,1.16122,32.17
06.03.2026 05:26:00.000 UTC,1.1612,1.16121,1.16115,1.16118,26.1
06.03.2026 05:27:00.000 UTC,1.16121,1.16122,1.16116,1.1612,25.2
06.03.2026 05:28:00.000 UTC,1.16119,1.1612,1.16116,1.16119,46.39
06.03.2026 05:29:00.000 UTC,1.1612,1.16122,1.16115,1.1612,36.12
06.03.2026 05:30:00.000 UTC,1.1612,1.16121,1.16112,1.16112,53.88
06.03.2026 05:31:00.000 UTC,1.16112,1.16112,1.16095,1.16102,110.08
06.03.2026 05:32:00.000 UTC,1.161,1.16111,1.16097,1.16111,49.59
06.03.2026 05:33:00.000 UTC,1.16111,1.16112,1.16105,1.16106,46.74
06.03.2026 05:34:00.000 UTC,1.16106,1.16107,1.16096,1.161,64.89
06.03.2026 05:35:00.000 UTC,1.16099,1.16108,1.16097,1.16106,33.33
06.03.2026 05:36:00.000 UTC,1.16107,1.16108,1.16101,1.16105,35.22
06.03.2026 05:37:00.000 UTC,1.16106,1.16112,1.16105,1.16111,23.62
06.03.2026 05:38:00.000 UTC,1.16112,1.16123,1.1611,1.16121,34.29
06.03.2026 05:39:00.000 UTC,1.16119,1.16137,1.16116,1.16135,70.74
06.03.2026 05:40:00.000 UTC,1.16137,1.16141,1.16128,1.16137,44.53
06.03.2026 05:41:00.000 UTC,1.16136,1.16136,1.16131,1.16135,48.85
06.03.2026 05:42:00.000 UTC,1.16137,1.16149,1.16135,1.16147,43.65
06.03.2026 05:43:00.000 UTC,1.16147,1.16163,1.16147,1.16163,43.87
06.03.2026 05:44:00.000 UTC,1.16163,1.16165,1.16154,1.16156,38.02
06.03.2026 05:45:00.000 UTC,1.16154,1.16155,1.16131,1.16131,109.86
06.03.2026 05:46:00.000 UTC,1.16129,1.16129,1.16105,1.16108,110.19
06.03.2026 05:47:00.000 UTC,1.16108,1.16108,1.1609,1.1609,88.05
06.03.2026 05:48:00.000 UTC,1.16093,1.16105,1.16075,1.16077,114.28
06.03.2026 05:49:00.000 UTC,1.16075,1.16085,1.16068,1.1608,103.88
06.03.2026 05:50:00.000 UTC,1.16079,1.16087,1.16069,1.16084,91.07
06.03.2026 05:51:00.000 UTC,1.16088,1.16091,1.16075,1.16082,94.87
06.03.2026 05:52:00.000 UTC,1.16084,1.16093,1.16079,1.16089,76.46
06.03.2026 05:53:00.000 UTC,1.16088,1.16091,1.16082,1.16088,88.41
06.03.2026 05:54:00.000 UTC,1.16088,1.16088,1.16076,1.1608,50.83
06.03.2026 05:55:00.000 UTC,1.16078,1.16091,1.16074,1.16084,67.44
06.03.2026 05:56:00.000 UTC,1.16083,1.16091,1.16069,1.1607,84.13
06.03.2026 05:57:00.000 UTC,1.16068,1.16081,1.16068,1.16076,41.4
06.03.2026 05:58:00.000 UTC,1.16075,1.16078,1.16064,1.16064,52.65
06.03.2026 05:59:00.000 UTC,1.16065,1.16065,1.16054,1.16063,187.82
06.03.2026 06:00:00.000 UTC,1.16064,1.1609,1.16062,1.16083,89.44
06.03.2026 06:01:00.000 UTC,1.16081,1.16083,1.16054,1.16059,86.63
06.03.2026 06:02:00.000 UTC,1.16059,1.16062,1.16044,1.16062,81.86
06.03.2026 06:03:00.000 UTC,1.16062,1.16062,1.16025,1.16034,56.64
06.03.2026 06:04:00.000 UTC,1.16033,1.16036,1.16024,1.16032,79.23
06.03.2026 06:05:00.000 UTC,1.16031,1.16032,1.16017,1.16027,49.03
06.03.2026 06:06:00.000 UTC,1.16025,1.16042,1.16025,1.16037,67.57
06.03.2026 06:07:00.000 UTC,1.16037,1.16062,1.16034,1.16062,47.7
06.03.2026 06:08:00.000 UTC,1.16062,1.16074,1.16059,1.16067,63
06.03.2026 06:09:00.000 UTC,1.16068,1.16068,1.16058,1.16062,47.11
06.03.2026 06:10:00.000 UTC,1.16059,1.16064,1.16057,1.16062,49.95
06.03.2026 06:11:00.000 UTC,1.16062,1.16064,1.16047,1.16063,63
06.03.2026 06:12:00.000 UTC,1.16062,1.16062,1.16044,1.16047,38.23
06.03.2026 06:13:00.000 UTC,1.16046,1.16055,1.16044,1.16053,44.73
06.03.2026 06:14:00.000 UTC,1.16054,1.16054,1.1604,1.1604,47.3
06.03.2026 06:15:00.000 UTC,1.16041,1.16049,1.16037,1.16047,44.55
06.03.2026 06:16:00.000 UTC,1.1605,1.16065,1.1605,1.16055,41.62
06.03.2026 06:17:00.000 UTC,1.16054,1.16057,1.16048,1.16054,51.39
06.03.2026 06:18:00.000 UTC,1.16053,1.1606,1.16051,1.16059,38.25
06.03.2026 06:19:00.000 UTC,1.16057,1.16061,1.16057,1.16061,30.6
06.03.2026 06:20:00.000 UTC,1.1606,1.16062,1.1606,1.16061,18
06.03.2026 06:21:00.000 UTC,1.16058,1.16077,1.16057,1.16074,113.62
06.03.2026 06:22:00.000 UTC,1.16075,1.16076,1.16064,1.16074,82.46
06.03.2026 06:23:00.000 UTC,1.16073,1.16082,1.16073,1.16077,63.09
06.03.2026 06:24:00.000 UTC,1.16078,1.16083,1.16072,1.16077,58.47
06.03.2026 06:25:00.000 UTC,1.16077,1.16077,1.16069,1.16073,70.2
06.03.2026 06:26:00.000 UTC,1.16074,1.16074,1.16061,1.16069,81.67
06.03.2026 06:27:00.000 UTC,1.16068,1.16071,1.16067,1.16069,30.6
06.03.2026 06:28:00.000 UTC,1.16068,1.16071,1.16051,1.16051,58.59
06.03.2026 06:29:00.000 UTC,1.16053,1.1606,1.16053,1.16056,59.85
06.03.2026 06:30:00.000 UTC,1.16054,1.16061,1.16052,1.16061,54
06.03.2026 06:31:00.000 UTC,1.1606,1.1606,1.16052,1.16058,39.91
06.03.2026 06:32:00.000 UTC,1.16058,1.16062,1.16054,1.16061,50.84
06.03.2026 06:33:00.000 UTC,1.16061,1.16062,1.16054,1.16056,44.29
06.03.2026 06:34:00.000 UTC,1.16057,1.16062,1.16054,1.16062,51.3
06.03.2026 06:35:00.000 UTC,1.16063,1.16063,1.16045,1.16061,86.24
06.03.2026 06:36:00.000 UTC,1.1606,1.16068,1.16057,1.16068,45
06.03.2026 06:37:00.000 UTC,1.16067,1.16076,1.16063,1.16075,51.3
06.03.2026 06:38:00.000 UTC,1.16074,1.16078,1.16068,1.16077,75.15
06.03.2026 06:39:00.000 UTC,1.16077,1.16083,1.16073,1.16078,33.3
06.03.2026 06:40:00.000 UTC,1.16079,1.16087,1.16076,1.16084,44.32
06.03.2026 06:41:00.000 UTC,1.16084,1.16084,1.16078,1.16084,54.76
06.03.2026 06:42:00.000 UTC,1.16085,1.1609,1.16079,1.1608,93.82
06.03.2026 06:43:00.000 UTC,1.16078,1.16078,1.16068,1.16068,39.79
06.03.2026 06:44:00.000 UTC,1.16067,1.16067,1.16061,1.16061,52.63
06.03.2026 06:45:00.000 UTC,1.16061,1.1607,1.16057,1.16068,85.05
06.03.2026 06:46:00.000 UTC,1.16066,1.16083,1.16063,1.16082,44.1
06.03.2026 06:47:00.000 UTC,1.16082,1.16088,1.16073,1.16084,40.95
06.03.2026 06:48:00.000 UTC,1.16088,1.16111,1.16088,1.16109,72.2
06.03.2026 06:49:00.000 UTC,1.1611,1.16114,1.16097,1.16098,52.65
06.03.2026 06:50:00.000 UTC,1.161,1.16101,1.16093,1.16095,44.32
06.03.2026 06:51:00.000 UTC,1.16094,1.1611,1.16093,1.16109,33.3
06.03.2026 06:52:00.000 UTC,1.16112,1.16118,1.16108,1.16113,77.4
06.03.2026 06:53:00.000 UTC,1.16113,1.16115,1.16107,1.16108,60.75
06.03.2026 06:54:00.000 UTC,1.16109,1.16111,1.16105,1.16107,29.79
06.03.2026 06:55:00.000 UTC,1.16106,1.16109,1.16102,1.16103,36
06.03.2026 06:56:00.000 UTC,1.16103,1.16115,1.16103,1.16109,39.6
06.03.2026 06:57:00.000 UTC,1.16108,1.16108,1.16099,1.16102,55.33
06.03.2026 06:58:00.000 UTC,1.16103,1.16108,1.16102,1.16107,62.82
06.03.2026 06:59:00.000 UTC,1.16108,1.16119,1.16102,1.16115,61.03
06.03.2026 07:00:00.000 UTC,1.16115,1.16131,1.16113,1.16121,68.25
06.03.2026 07:01:00.000 UTC,1.16122,1.16129,1.16116,1.16119,73.89
06.03.2026 07:02:00.000 UTC,1.16116,1.16117,1.16103,1.16104,84.26
06.03.2026 07:03:00.000 UTC,1.16102,1.16108,1.16101,1.16106,54.45
06.03.2026 07:04:00.000 UTC,1.16106,1.16109,1.16087,1.16089,68.15
06.03.2026 07:05:00.000 UTC,1.16087,1.16097,1.16082,1.16094,58.14
06.03.2026 07:06:00.000 UTC,1.16097,1.16114,1.16082,1.16082,81.64
06.03.2026 07:07:00.000 UTC,1.16079,1.16088,1.16063,1.16088,74.23
06.03.2026 07:08:00.000 UTC,1.1609,1.16094,1.16081,1.16087,33.5
06.03.2026 07:09:00.000 UTC,1.16089,1.16095,1.16074,1.16077,75.35
06.03.2026 07:10:00.000 UTC,1.16076,1.1608,1.16072,1.16078,54.9
06.03.2026 07:11:00.000 UTC,1.16078,1.16079,1.16072,1.16079,36.9
06.03.2026 07:12:00.000 UTC,1.16079,1.16079,1.16068,1.16073,53.08
06.03.2026 07:13:00.000 UTC,1.16075,1.16079,1.1607,1.16073,45.88
06.03.2026 07:14:00.000 UTC,1.16073,1.16083,1.16072,1.16079,25.2
06.03.2026 07:15:00.000 UTC,1.16081,1.16083,1.16077,1.16078,61.2
06.03.2026 07:16:00.000 UTC,1.16077,1.16098,1.16074,1.16098,55.8
06.03.2026 07:17:00.000 UTC,1.161,1.16125,1.16099,1.16124,113.15
06.03.2026 07:18:00.000 UTC,1.16124,1.16133,1.16108,1.16108,103.47
06.03.2026 07:19:00.000 UTC,1.16106,1.16122,1.16103,1.16112,77.4
06.03.2026 07:20:00.000 UTC,1.16112,1.16133,1.16112,1.16133,61.2
06.03.2026 07:21:00.000 UTC,1.16137,1.16164,1.16137,1.16164,86.62
06.03.2026 07:22:00.000 UTC,1.16164,1.1618,1.16163,1.16174,77.84
06.03.2026 07:23:00.000 UTC,1.16172,1.16178,1.16165,1.16175,82.12
06.03.2026 07:24:00.000 UTC,1.16174,1.16174,1.16158,1.16158,45.66
06.03.2026 07:25:00.000 UTC,1.1616,1.1616,1.16149,1.1615,50.4
06.03.2026 07:26:00.000 UTC,1.16149,1.16165,1.16147,1.16159,73.12
06.03.2026 07:27:00.000 UTC,1.16157,1.16157,1.16139,1.16149,53.06
06.03.2026 07:28:00.000 UTC,1.16149,1.16149,1.16129,1.16129,58.05
06.03.2026 07:29:00.000 UTC,1.16126,1.16128,1.16111,1.16114,93.79
06.03.2026 07:30:00.000 UTC,1.16113,1.16125,1.16107,1.16124,72.09
06.03.2026 07:31:00.000 UTC,1.16122,1.16123,1.16099,1.16099,108.9
06.03.2026 07:32:00.000 UTC,1.16098,1.16123,1.16093,1.16119,55.35
06.03.2026 07:33:00.000 UTC,1.16119,1.16134,1.16112,1.16134,58.03
06.03.2026 07:34:00.000 UTC,1.16134,1.16139,1.16128,1.16133,60.75
06.03.2026 07:35:00.000 UTC,1.16134,1.16134,1.16113,1.16118,72.88
06.03.2026 07:36:00.000 UTC,1.16117,1.16131,1.16116,1.16129,80.72
06.03.2026 07:37:00.000 UTC,1.16129,1.16147,1.16129,1.16139,85.23
06.03.2026 07:38:00.000 UTC,1.1614,1.16144,1.16128,1.16133,109.8
06.03.2026 07:39:00.000 UTC,1.16132,1.16142,1.16128,1.16135,71.08
06.03.2026 07:40:00.000 UTC,1.16134,1.16143,1.16132,1.16133,48.13
06.03.2026 07:41:00.000 UTC,1.16132,1.16154,1.16132,1.16154,55.77
06.03.2026 07:42:00.000 UTC,1.16153,1.16159,1.16123,1.16128,74.9
06.03.2026 07:43:00.000 UTC,1.16129,1.16149,1.16129,1.16143,75.65
06.03.2026 07:44:00.000 UTC,1.16144,1.16153,1.16141,1.16143,54.9
06.03.2026 07:45:00.000 UTC,1.16145,1.16162,1.16139,1.1614,91.55
06.03.2026 07:46:00.000 UTC,1.16139,1.16147,1.16133,1.16138,54.45
06.03.2026 07:47:00.000 UTC,1.16142,1.16148,1.16134,1.16134,48.82
06.03.2026 07:48:00.000 UTC,1.16135,1.16153,1.16134,1.16153,54.9
06.03.2026 07:49:00.000 UTC,1.16151,1.16158,1.16148,1.16152,36.22
06.03.2026 07:50:00.000 UTC,1.16153,1.16154,1.1613,1.16134,55.53
06.03.2026 07:51:00.000 UTC,1.16138,1.16147,1.16135,1.16147,63
06.03.2026 07:52:00.000 UTC,1.16147,1.16151,1.16108,1.16108,77.83
06.03.2026 07:53:00.000 UTC,1.16109,1.16124,1.16109,1.16112,62.32
06.03.2026 07:54:00.000 UTC,1.16112,1.16118,1.16109,1.16116,78.05
06.03.2026 07:55:00.000 UTC,1.16117,1.16134,1.16111,1.16132,80.07
06.03.2026 07:56:00.000 UTC,1.1613,1.1614,1.16122,1.1613,80.74
06.03.2026 07:57:00.000 UTC,1.16131,1.1614,1.1613,1.16136,82.79
06.03.2026 07:58:00.000 UTC,1.16139,1.16141,1.1613,1.16139,124.2
06.03.2026 07:59:00.000 UTC,1.1614,1.16148,1.16135,1.16144,140.4
06.03.2026 08:00:00.000 UTC,1.16145,1.16145,1.16116,1.16129,225.88
06.03.2026 08:01:00.000 UTC,1.16132,1.16138,1.16104,1.16108,132.72
06.03.2026 08:02:00.000 UTC,1.16108,1.16117,1.16098,1.16098,126.43
06.03.2026 08:03:00.000 UTC,1.16101,1.16103,1.16089,1.1609,132.26
06.03.2026 08:04:00.000 UTC,1.16088,1.16094,1.16068,1.16077,114.27
06.03.2026 08:05:00.000 UTC,1.16079,1.1611,1.16079,1.16096,157.27
06.03.2026 08:06:00.000 UTC,1.16098,1.16122,1.16095,1.16113,95.4
06.03.2026 08:07:00.000 UTC,1.16113,1.16119,1.16108,1.16113,140.78
06.03.2026 08:08:00.000 UTC,1.16112,1.1612,1.16102,1.16106,85.95
06.03.2026 08:09:00.000 UTC,1.16106,1.16106,1.16092,1.16097,120.82
06.03.2026 08:10:00.000 UTC,1.16097,1.1611,1.16071,1.16108,178.86
06.03.2026 08:11:00.000 UTC,1.16109,1.16113,1.16091,1.16097,109.57
06.03.2026 08:12:00.000 UTC,1.16098,1.16098,1.16052,1.16055,135.71
06.03.2026 08:13:00.000 UTC,1.16053,1.16077,1.16038,1.16062,204.18
06.03.2026 08:14:00.000 UTC,1.16065,1.16103,1.16062,1.16103,192.55
06.03.2026 08:15:00.000 UTC,1.16104,1.16113,1.16093,1.16109,177.29
06.03.2026 08:16:00.000 UTC,1.16108,1.16134,1.16108,1.16124,156.6
06.03.2026 08:17:00.000 UTC,1.16124,1.16124,1.16089,1.16098,106.05
06.03.2026 08:18:00.000 UTC,1.16098,1.16098,1.16064,1.16073,131.14
06.03.2026 08:19:00.000 UTC,1.16072,1.16081,1.16049,1.16075,141.58
06.03.2026 08:20:00.000 UTC,1.16075,1.16079,1.16059,1.16064,104.62
06.03.2026 08:21:00.000 UTC,1.16062,1.16066,1.16041,1.16048,128.01
06.03.2026 08:22:00.000 UTC,1.16047,1.16053,1.16032,1.16046,99.43
06.03.2026 08:23:00.000 UTC,1.16046,1.16057,1.16042,1.16044,101.23
06.03.2026 08:24:00.000 UTC,1.16044,1.16059,1.16041,1.16052,85.5
06.03.2026 08:25:00.000 UTC,1.16052,1.16054,1.16032,1.16049,119.33
06.03.2026 08:26:00.000 UTC,1.16047,1.16059,1.16045,1.16049,66.14
06.03.2026 08:27:00.000 UTC,1.16048,1.16051,1.16032,1.16034,68.82
06.03.2026 08:28:00.000 UTC,1.16033,1.16043,1.16032,1.16038,85.05
06.03.2026 08:29:00.000 UTC,1.16038,1.16043,1.16026,1.16037,72.43
06.03.2026 08:30:00.000 UTC,1.16039,1.16043,1.16031,1.16043,62.08
06.03.2026 08:31:00.000 UTC,1.16044,1.16054,1.16036,1.16054,153.44
06.03.2026 08:32:00.000 UTC,1.16053,1.16057,1.16037,1.16047,132.74
06.03.2026 08:33:00.000 UTC,1.16047,1.16064,1.16047,1.16062,68.15
06.03.2026 08:34:00.000 UTC,1.16063,1.16084,1.16063,1.16081,59.4
06.03.2026 08:35:00.000 UTC,1.16083,1.16096,1.16077,1.16095,77.4
06.03.2026 08:36:00.000 UTC,1.16097,1.16098,1.16072,1.16072,78.74
06.03.2026 08:37:00.000 UTC,1.16074,1.16088,1.16071,1.16088,85.95
06.03.2026 08:38:00.000 UTC,1.16087,1.16105,1.16086,1.16098,77.4
06.03.2026 08:39:00.000 UTC,1.16099,1.16112,1.16099,1.16112,77.85
06.03.2026 08:40:00.000 UTC,1.16113,1.1614,1.16113,1.16133,107.53
06.03.2026 08:41:00.000 UTC,1.16131,1.16131,1.16112,1.16113,88.4
06.03.2026 08:42:00.000 UTC,1.16112,1.16119,1.16102,1.16115,74.69
06.03.2026 08:43:00.000 UTC,1.16115,1.16115,1.16097,1.16103,88.42
06.03.2026 08:44:00.000 UTC,1.16106,1.16113,1.16092,1.16096,90.53
06.03.2026 08:45:00.000 UTC,1.16098,1.16098,1.16088,1.1609,39.37
06.03.2026 08:46:00.000 UTC,1.16092,1.16094,1.16083,1.16092,40.5
06.03.2026 08:47:00.000 UTC,1.16091,1.16103,1.16086,1.16098,103.78
06.03.2026 08:48:00.000 UTC,1.16096,1.16118,1.16095,1.16096,103.24
06.03.2026 08:49:00.000 UTC,1.16096,1.16098,1.16069,1.16071,61.4
06.03.2026 08:50:00.000 UTC,1.16071,1.16072,1.16055,1.16062,80.5
06.03.2026 08:51:00.000 UTC,1.16061,1.16072,1.16054,1.16066,65.9
06.03.2026 08:52:00.000 UTC,1.1607,1.16073,1.16061,1.16065,60.82
06.03.2026 08:53:00.000 UTC,1.16064,1.16068,1.1606,1.16067,56.69
06.03.2026 08:54:00.000 UTC,1.16069,1.16077,1.16068,1.16077,53.32
06.03.2026 08:55:00.000 UTC,1.16076,1.16081,1.16028,1.16031,121.23
06.03.2026 08:56:00.000 UTC,1.16032,1.16032,1.16024,1.16026,82.98
06.03.2026 08:57:00.000 UTC,1.16025,1.16038,1.16014,1.16034,84.6
06.03.2026 08:58:00.000 UTC,1.16034,1.16037,1.16027,1.16032,56.7
06.03.2026 08:59:00.000 UTC,1.16033,1.1604,1.16024,1.16029,175.72
06.03.2026 09:00:00.000 UTC,1.16027,1.16027,1.16011,1.16016,192.5
06.03.2026 09:01:00.000 UTC,1.16016,1.16027,1.16009,1.1601,87.75
06.03.2026 09:02:00.000 UTC,1.16008,1.16009,1.15981,1.15988,148.71
06.03.2026 09:03:00.000 UTC,1.15986,1.15989,1.1596,1.15973,93.6
06.03.2026 09:04:00.000 UTC,1.15972,1.1598,1.15951,1.15956,162.2
06.03.2026 09:05:00.000 UTC,1.1596,1.15974,1.15948,1.15973,112.95
06.03.2026 09:06:00.000 UTC,1.15973,1.15994,1.15972,1.15983,107.41
06.03.2026 09:07:00.000 UTC,1.15983,1.1599,1.15961,1.15962,113.16
06.03.2026 09:08:00.000 UTC,1.15963,1.15963,1.15934,1.15951,134.54
06.03.2026 09:09:00.000 UTC,1.1595,1.15958,1.15941,1.15943,107.09
06.03.2026 09:10:00.000 UTC,1.15942,1.15948,1.15915,1.15923,96.73
06.03.2026 09:11:00.000 UTC,1.15922,1.15929,1.15912,1.15915,113.68
06.03.2026 09:12:00.000 UTC,1.15913,1.15935,1.15908,1.15935,195.17
06.03.2026 09:13:00.000 UTC,1.15932,1.15942,1.15901,1.15928,211.62
06.03.2026 09:14:00.000 UTC,1.15927,1.15928,1.15908,1.15908,176.12
06.03.2026 09:15:00.000 UTC,1.15906,1.15922,1.15892,1.15896,177.75
06.03.2026 09:16:00.000 UTC,1.15897,1.15918,1.15889,1.15916,116.52
06.03.2026 09:17:00.000 UTC,1.15915,1.15919,1.15873,1.15879,209.83
06.03.2026 09:18:00.000 UTC,1.15881,1.15886,1.15872,1.15877,130.23
06.03.2026 09:19:00.000 UTC,1.15879,1.15887,1.15865,1.1587,133.39
06.03.2026 09:20:00.000 UTC,1.15871,1.15875,1.1586,1.1586,167.32
06.03.2026 09:21:00.000 UTC,1.15859,1.15871,1.15855,1.15867,113.7
06.03.2026 09:22:00.000 UTC,1.15867,1.15869,1.1585,1.1585,136.72
06.03.2026 09:23:00.000 UTC,1.1585,1.15856,1.15833,1.15853,179.91
06.03.2026 09:24:00.000 UTC,1.15851,1.15866,1.15846,1.15847,120.8
06.03.2026 09:25:00.000 UTC,1.15847,1.15852,1.15842,1.15848,105.5
06.03.2026 09:26:00.000 UTC,1.15853,1.15856,1.15839,1.15843,97.83
06.03.2026 09:27:00.000 UTC,1.15842,1.15852,1.15832,1.15838,104.79
06.03.2026 09:28:00.000 UTC,1.1584,1.15849,1.15832,1.1584,132.07
06.03.2026 09:29:00.000 UTC,1.15839,1.15841,1.15826,1.15833,168.97
06.03.2026 09:30:00.000 UTC,1.15832,1.15835,1.1582,1.15833,168.04
06.03.2026 09:31:00.000 UTC,1.15833,1.15845,1.15828,1.15831,182.75
06.03.2026 09:32:00.000 UTC,1.15831,1.15831,1.15812,1.15828,214.35
06.03.2026 09:33:00.000 UTC,1.15829,1.15832,1.15814,1.15816,128.45
06.03.2026 09:34:00.000 UTC,1.15816,1.15817,1.15799,1.15802,138.9
06.03.2026 09:35:00.000 UTC,1.15801,1.15805,1.15779,1.15779,186.47
06.03.2026 09:36:00.000 UTC,1.15778,1.15789,1.15766,1.15789,220.57
06.03.2026 09:37:00.000 UTC,1.15786,1.15787,1.15764,1.15765,246.75
06.03.2026 09:38:00.000 UTC,1.15764,1.15802,1.15762,1.15798,199.12
06.03.2026 09:39:00.000 UTC,1.158,1.158,1.15772,1.15786,250.83
06.03.2026 09:40:00.000 UTC,1.15785,1.15788,1.15772,1.15776,216.6
06.03.2026 09:41:00.000 UTC,1.15776,1.15794,1.15769,1.15792,239.43
06.03.2026 09:42:00.000 UTC,1.15791,1.15791,1.15762,1.15763,184.66
06.03.2026 09:43:00.000 UTC,1.15764,1.15773,1.15753,1.1577,177.94
06.03.2026 09:44:00.000 UTC,1.1577,1.15778,1.15757,1.15776,143.4
06.03.2026 09:45:00.000 UTC,1.15778,1.15801,1.15775,1.15798,273.63
06.03.2026 09:46:00.000 UTC,1.15798,1.15798,1.15746,1.15762,223.16
06.03.2026 09:47:00.000 UTC,1.15761,1.15774,1.15761,1.15767,207.73
06.03.2026 09:48:00.000 UTC,1.15767,1.15774,1.15749,1.15761,229.47
06.03.2026 09:49:00.000 UTC,1.15761,1.15772,1.15754,1.15768,184.81
06.03.2026 09:50:00.000 UTC,1.15768,1.15771,1.15735,1.15739,227.99
06.03.2026 09:51:00.000 UTC,1.1574,1.15746,1.1573,1.15738,279.21
06.03.2026 09:52:00.000 UTC,1.1574,1.1574,1.15716,1.15716,188.35
06.03.2026 09:53:00.000 UTC,1.15717,1.15749,1.15717,1.15747,172.32
06.03.2026 09:54:00.000 UTC,1.15747,1.15769,1.15743,1.15765,209.69
06.03.2026 09:55:00.000 UTC,1.15766,1.15776,1.15751,1.15759,305.69
06.03.2026 09:56:00.000 UTC,1.15758,1.15778,1.15756,1.1577,187.78
06.03.2026 09:57:00.000 UTC,1.15769,1.15781,1.15741,1.15744,205.96
06.03.2026 09:58:00.000 UTC,1.15744,1.15759,1.15743,1.15754,174.37
06.03.2026 09:59:00.000 UTC,1.15756,1.15756,1.15739,1.1574,144.36
06.03.2026 10:00:00.000 UTC,1.15738,1.15755,1.15728,1.1573,213.57
06.03.2026 10:01:00.000 UTC,1.15731,1.15744,1.15727,1.15733,158.58
06.03.2026 10:02:00.000 UTC,1.15733,1.15765,1.15732,1.15765,114.05
06.03.2026 10:03:00.000 UTC,1.15766,1.158,1.15766,1.15796,231.27
06.03.2026 10:04:00.000 UTC,1.15796,1.15803,1.15774,1.1578,122.8
06.03.2026 10:05:00.000 UTC,1.15782,1.15808,1.1578,1.15805,132.7
06.03.2026 10:06:00.000 UTC,1.15804,1.15804,1.15788,1.15799,102.5
06.03.2026 10:07:00.000 UTC,1.15799,1.15824,1.15792,1.15818,167.88
06.03.2026 10:08:00.000 UTC,1.15817,1.15825,1.15807,1.15808,123.52
06.03.2026 10:09:00.000 UTC,1.15808,1.15819,1.15806,1.15813,101.72
06.03.2026 10:10:00.000 UTC,1.15813,1.15814,1.15808,1.15809,46.75
06.03.2026 10:11:00.000 UTC,1.15807,1.15814,1.15804,1.15812,94.15
06.03.2026 10:12:00.000 UTC,1.15813,1.15819,1.15798,1.15798,144.56
06.03.2026 10:13:00.000 UTC,1.15796,1.15803,1.1578,1.1578,74.05
06.03.2026 10:14:00.000 UTC,1.1578,1.15789,1.15771,1.15779,194.63
06.03.2026 10:15:00.000 UTC,1.15779,1.15797,1.15772,1.15772,122.83
06.03.2026 10:16:00.000 UTC,1.15773,1.15784,1.15772,1.15783,115.1
06.03.2026 10:17:00.000 UTC,1.15784,1.15802,1.15772,1.15799,138.99
06.03.2026 10:18:00.000 UTC,1.15802,1.15813,1.15797,1.15797,82.68
06.03.2026 10:19:00.000 UTC,1.15797,1.158,1.15792,1.15796,88.92
06.03.2026 10:20:00.000 UTC,1.15797,1.15797,1.15784,1.1579,84
06.03.2026 10:21:00.000 UTC,1.15791,1.15822,1.15791,1.15803,89.31
06.03.2026 10:22:00.000 UTC,1.15803,1.15816,1.15797,1.15811,120.36
06.03.2026 10:23:00.000 UTC,1.15811,1.1582,1.15811,1.15818,114.2
06.03.2026 10:24:00.000 UTC,1.15818,1.15818,1.15787,1.15789,137.7
06.03.2026 10:25:00.000 UTC,1.15789,1.15807,1.15779,1.15779,126.85
06.03.2026 10:26:00.000 UTC,1.15777,1.15788,1.15774,1.15779,108.4
06.03.2026 10:27:00.000 UTC,1.15778,1.15779,1.15758,1.15759,123.52
06.03.2026 10:28:00.000 UTC,1.15758,1.15769,1.15753,1.15758,106.42
06.03.2026 10:29:00.000 UTC,1.15759,1.15851,1.15759,1.15805,435.8
06.03.2026 10:30:00.000 UTC,1.15804,1.15818,1.15766,1.15785,287.04
06.03.2026 10:31:00.000 UTC,1.15785,1.15805,1.15783,1.15804,168.24
06.03.2026 10:32:00.000 UTC,1.15803,1.15804,1.15772,1.15773,133.53
06.03.2026 10:33:00.000 UTC,1.15773,1.15782,1.15769,1.15772,108.67
06.03.2026 10:34:00.000 UTC,1.15772,1.15787,1.15766,1.15783,121.05
06.03.2026 10:35:00.000 UTC,1.15785,1.15817,1.15784,1.15817,178.19
06.03.2026 10:36:00.000 UTC,1.15818,1.15828,1.15812,1.15828,161.1
06.03.2026 10:37:00.000 UTC,1.15829,1.15837,1.15819,1.15824,116.1
06.03.2026 10:38:00.000 UTC,1.15823,1.15831,1.15816,1.15829,112.5
06.03.2026 10:39:00.000 UTC,1.15831,1.15835,1.15815,1.15822,88.19
06.03.2026 10:40:00.000 UTC,1.15824,1.15824,1.15797,1.15807,80.32
06.03.2026 10:41:00.000 UTC,1.15809,1.15818,1.15807,1.15807,67.94
06.03.2026 10:42:00.000 UTC,1.15808,1.15809,1.15797,1.15799,71.98
06.03.2026 10:43:00.000 UTC,1.15797,1.15799,1.15768,1.15775,96.7
06.03.2026 10:44:00.000 UTC,1.15773,1.15775,1.15766,1.15769,100.09
06.03.2026 10:45:00.000 UTC,1.15768,1.15784,1.15767,1.15779,94.02
06.03.2026 10:46:00.000 UTC,1.15778,1.15779,1.15761,1.15764,89.24
06.03.2026 10:47:00.000 UTC,1.15764,1.15779,1.15762,1.15773,109.05
06.03.2026 10:48:00.000 UTC,1.15774,1.15789,1.15771,1.15783,83.88
06.03.2026 10:49:00.000 UTC,1.15784,1.15806,1.1578,1.15791,85.72
06.03.2026 10:50:00.000 UTC,1.15792,1.15828,1.15792,1.15819,160.4
06.03.2026 10:51:00.000 UTC,1.15823,1.15835,1.15816,1.15824,106.87
06.03.2026 10:52:00.000 UTC,1.15824,1.15835,1.15822,1.15825,56.25
06.03.2026 10:53:00.000 UTC,1.15823,1.1583,1.1581,1.15811,71.27
06.03.2026 10:54:00.000 UTC,1.15812,1.15818,1.15809,1.15818,55.1
06.03.2026 10:55:00.000 UTC,1.15818,1.15833,1.15818,1.15828,65.23
06.03.2026 10:56:00.000 UTC,1.1583,1.1583,1.15797,1.15804,143.34
06.03.2026 10:57:00.000 UTC,1.15803,1.15812,1.15801,1.15804,100.55
06.03.2026 10:58:00.000 UTC,1.15805,1.15808,1.15794,1.15796,72.4
06.03.2026 10:59:00.000 UTC,1.15797,1.15801,1.15784,1.15784,108.89
06.03.2026 11:00:00.000 UTC,1.15784,1.15793,1.15763,1.15774,210.98
06.03.2026 11:01:00.000 UTC,1.15773,1.15791,1.15773,1.15783,88.4
06.03.2026 11:02:00.000 UTC,1.15783,1.15791,1.15775,1.15781,125.53
06.03.2026 11:03:00.000 UTC,1.15783,1.15783,1.15752,1.15765,143.3
06.03.2026 11:04:00.000 UTC,1.15766,1.15774,1.15757,1.1576,100.98
06.03.2026 11:05:00.000 UTC,1.1576,1.15761,1.1573,1.15738,132.44
06.03.2026 11:06:00.000 UTC,1.1574,1.15747,1.15733,1.15733,107.08
06.03.2026 11:07:00.000 UTC,1.15733,1.15741,1.15733,1.15738,103.05
06.03.2026 11:08:00.000 UTC,1.15738,1.15738,1.15701,1.15702,133.35
06.03.2026 11:09:00.000 UTC,1.15704,1.1571,1.15677,1.15679,303.54
06.03.2026 11:10:00.000 UTC,1.15679,1.15692,1.15661,1.15687,254.48
06.03.2026 11:11:00.000 UTC,1.15688,1.15723,1.15682,1.15723,270.57
06.03.2026 11:12:00.000 UTC,1.15723,1.15807,1.15723,1.15789,331.87
06.03.2026 11:13:00.000 UTC,1.15791,1.15804,1.15775,1.15797,211.5
06.03.2026 11:14:00.000 UTC,1.15795,1.15812,1.15793,1.15802,177.8
06.03.2026 11:15:00.000 UTC,1.15803,1.15808,1.15782,1.15782,154.72
06.03.2026 11:16:00.000 UTC,1.15782,1.15783,1.15754,1.15763,289.22
06.03.2026 11:17:00.000 UTC,1.15763,1.15766,1.15746,1.15753,110.56
06.03.2026 11:18:00.000 UTC,1.15752,1.15753,1.15739,1.1575,110.47
06.03.2026 11:19:00.000 UTC,1.1575,1.1578,1.1575,1.15778,112.27
06.03.2026 11:20:00.000 UTC,1.15779,1.15798,1.15772,1.15796,124.42
06.03.2026 11:21:00.000 UTC,1.15796,1.15803,1.15787,1.15795,92.68
06.03.2026 11:22:00.000 UTC,1.15795,1.15802,1.15783,1.15793,110.7
06.03.2026 11:23:00.000 UTC,1.15793,1.15806,1.15793,1.15796,104.83
06.03.2026 11:24:00.000 UTC,1.15796,1.15802,1.15792,1.15794,84.82
06.03.2026 11:25:00.000 UTC,1.15793,1.15801,1.15783,1.15798,81.45
06.03.2026 11:26:00.000 UTC,1.15798,1.15806,1.15785,1.15801,122.83
06.03.2026 11:27:00.000 UTC,1.158,1.15804,1.15776,1.15777,99.86
06.03.2026 11:28:00.000 UTC,1.15774,1.15785,1.1576,1.15778,107.32
06.03.2026 11:29:00.000 UTC,1.15778,1.15793,1.15778,1.1578,126
06.03.2026 11:30:00.000 UTC,1.15781,1.15784,1.15768,1.15768,59.49
06.03.2026 11:31:00.000 UTC,1.15771,1.15773,1.15761,1.15762,63.43
06.03.2026 11:32:00.000 UTC,1.15761,1.15768,1.15752,1.15757,126.42
06.03.2026 11:33:00.000 UTC,1.15757,1.15758,1.15731,1.15731,106.17
06.03.2026 11:34:00.000 UTC,1.15732,1.15745,1.15729,1.1574,53.55
06.03.2026 11:35:00.000 UTC,1.15741,1.15741,1.15712,1.15716,97.31
06.03.2026 11:36:00.000 UTC,1.15716,1.15729,1.15716,1.15721,69.97
06.03.2026 11:37:00.000 UTC,1.1572,1.15722,1.15712,1.15717,76.27
06.03.2026 11:38:00.000 UTC,1.15716,1.15726,1.15714,1.15719,59.62
06.03.2026 11:39:00.000 UTC,1.15719,1.15724,1.1571,1.15716,54
06.03.2026 11:40:00.000 UTC,1.15718,1.15735,1.15713,1.15713,134.28
06.03.2026 11:41:00.000 UTC,1.15713,1.15721,1.157,1.15704,113.83
06.03.2026 11:42:00.000 UTC,1.15702,1.15713,1.15678,1.15679,205.68
06.03.2026 11:43:00.000 UTC,1.15679,1.15687,1.15642,1.15642,252.94
06.03.2026 11:44:00.000 UTC,1.15642,1.15667,1.1564,1.15658,184.17
06.03.2026 11:45:00.000 UTC,1.15657,1.15671,1.1565,1.15658,199.12
06.03.2026 11:46:00.000 UTC,1.15658,1.15667,1.15641,1.15667,240.28
06.03.2026 11:47:00.000 UTC,1.15666,1.15687,1.15663,1.15675,136.45
06.03.2026 11:48:00.000 UTC,1.15676,1.15679,1.15666,1.15669,89.4
06.03.2026 11:49:00.000 UTC,1.15669,1.15685,1.15661,1.15679,115.23
06.03.2026 11:50:00.000 UTC,1.15679,1.15688,1.15677,1.15684,107.75
06.03.2026 11:51:00.000 UTC,1.15686,1.1569,1.15653,1.15653,116.83
06.03.2026 11:52:00.000 UTC,1.15653,1.15658,1.15637,1.15639,111.62
06.03.2026 11:53:00.000 UTC,1.1564,1.1566,1.15636,1.1565,138.8
06.03.2026 11:54:00.000 UTC,1.1565,1.15667,1.15648,1.1565,111.19
06.03.2026 11:55:00.000 UTC,1.15649,1.15653,1.15632,1.15633,123.7
06.03.2026 11:56:00.000 UTC,1.15633,1.15647,1.15616,1.15635,183.75
06.03.2026 11:57:00.000 UTC,1.15636,1.15642,1.15615,1.15616,121.35
06.03.2026 11:58:00.000 UTC,1.15615,1.15629,1.1561,1.15623,133.89
06.03.2026 11:59:00.000 UTC,1.15624,1.15636,1.15621,1.15624,139.81
06.03.2026 12:00:00.000 UTC,1.15625,1.15645,1.15625,1.15643,183.8
06.03.2026 12:01:00.000 UTC,1.15641,1.15648,1.15635,1.15644,127.45
06.03.2026 12:02:00.000 UTC,1.15644,1.15653,1.15622,1.15622,120.05
06.03.2026 12:03:00.000 UTC,1.15623,1.15625,1.15592,1.15607,169.35
06.03.2026 12:04:00.000 UTC,1.15608,1.15617,1.15576,1.15578,257.97
06.03.2026 12:05:00.000 UTC,1.15578,1.15608,1.15578,1.15591,162.44
06.03.2026 12:06:00.000 UTC,1.15592,1.15602,1.15568,1.15583,178.41
06.03.2026 12:07:00.000 UTC,1.15583,1.15591,1.15566,1.15581,197.72
06.03.2026 12:08:00.000 UTC,1.15579,1.15594,1.15575,1.15575,161.79
06.03.2026 12:09:00.000 UTC,1.15572,1.15577,1.15544,1.15548,143.51
06.03.2026 12:10:00.000 UTC,1.15548,1.15548,1.15528,1.15531,127.45
06.03.2026 12:11:00.000 UTC,1.15531,1.15535,1.15522,1.1553,118
06.03.2026 12:12:00.000 UTC,1.15531,1.15537,1.15524,1.15526,89.2
06.03.2026 12:13:00.000 UTC,1.15527,1.15543,1.15525,1.15537,121.65
06.03.2026 12:14:00.000 UTC,1.15538,1.15538,1.15525,1.15528,85.83
06.03.2026 12:15:00.000 UTC,1.15528,1.15542,1.15528,1.15541,140.4
06.03.2026 12:16:00.000 UTC,1.15545,1.15564,1.15545,1.15564,115.59
06.03.2026 12:17:00.000 UTC,1.15565,1.15583,1.15558,1.15576,182.97
06.03.2026 12:18:00.000 UTC,1.15574,1.15608,1.15572,1.15605,92.7
06.03.2026 12:19:00.000 UTC,1.15605,1.15625,1.15605,1.15624,144
06.03.2026 12:20:00.000 UTC,1.15622,1.15639,1.15617,1.15638,95.4
06.03.2026 12:21:00.000 UTC,1.15636,1.15638,1.15618,1.15619,135.67
06.03.2026 12:22:00.000 UTC,1.1562,1.1562,1.15579,1.15581,128.47
06.03.2026 12:23:00.000 UTC,1.15581,1.15586,1.15569,1.15569,114.75
06.03.2026 12:24:00.000 UTC,1.15568,1.15591,1.15564,1.15591,130.5
06.03.2026 12:25:00.000 UTC,1.1559,1.15603,1.15587,1.15593,87.28
06.03.2026 12:26:00.000 UTC,1.15592,1.15608,1.15587,1.15598,107.1
06.03.2026 12:27:00.000 UTC,1.15597,1.15624,1.15597,1.15624,103.95
06.03.2026 12:28:00.000 UTC,1.15625,1.15625,1.15609,1.1561,98.54
06.03.2026 12:29:00.000 UTC,1.15611,1.15628,1.1561,1.15622,97.65
06.03.2026 12:30:00.000 UTC,1.15623,1.15647,1.15621,1.15633,102.6
06.03.2026 12:31:00.000 UTC,1.15634,1.15641,1.15632,1.15639,126.22
06.03.2026 12:32:00.000 UTC,1.15637,1.15654,1.15631,1.15654,94.5
06.03.2026 12:33:00.000 UTC,1.15652,1.1567,1.15645,1.1567,94.69
06.03.2026 12:34:00.000 UTC,1.1567,1.15681,1.15653,1.15659,156.79
06.03.2026 12:35:00.000 UTC,1.15662,1.15662,1.15629,1.15643,199.34
06.03.2026 12:36:00.000 UTC,1.15643,1.15643,1.15608,1.15619,108.89
06.03.2026 12:37:00.000 UTC,1.15618,1.15624,1.15608,1.15623,102.6
06.03.2026 12:38:00.000 UTC,1.15625,1.15637,1.15619,1.15628,70.4
06.03.2026 12:39:00.000 UTC,1.15627,1.15662,1.15624,1.15662,115.16
06.03.2026 12:40:00.000 UTC,1.15666,1.15674,1.15658,1.15664,112.95
06.03.2026 12:41:00.000 UTC,1.15666,1.15683,1.15658,1.15679,50.4
06.03.2026 12:42:00.000 UTC,1.15681,1.15686,1.15643,1.15647,158.62
06.03.2026 12:43:00.000 UTC,1.15647,1.15658,1.15641,1.15658,108.9
06.03.2026 12:44:00.000 UTC,1.15659,1.15664,1.15645,1.15646,99.45
06.03.2026 12:45:00.000 UTC,1.15645,1.15667,1.15643,1.15657,82.8
06.03.2026 12:46:00.000 UTC,1.15658,1.15667,1.15655,1.15658,102.33
06.03.2026 12:47:00.000 UTC,1.15657,1.1566,1.15619,1.15623,113.37
06.03.2026 12:48:00.000 UTC,1.15624,1.15624,1.15602,1.15611,89.32
06.03.2026 12:49:00.000 UTC,1.15612,1.15613,1.15569,1.15582,144.06
06.03.2026 12:50:00.000 UTC,1.15581,1.15607,1.15581,1.156,124.13
06.03.2026 12:51:00.000 UTC,1.15603,1.15611,1.15598,1.15602,85.05
06.03.2026 12:52:00.000 UTC,1.15605,1.15623,1.15605,1.15615,98.19
06.03.2026 12:53:00.000 UTC,1.15615,1.15623,1.15602,1.15605,133.94
06.03.2026 12:54:00.000 UTC,1.15605,1.15612,1.15594,1.15602,190.78
06.03.2026 12:55:00.000 UTC,1.15601,1.15624,1.15599,1.15615,193.95
06.03.2026 12:56:00.000 UTC,1.15617,1.15625,1.15602,1.15607,118.8
06.03.2026 12:57:00.000 UTC,1.15608,1.15609,1.15551,1.15551,196.4
06.03.2026 12:58:00.000 UTC,1.15552,1.1558,1.1555,1.15553,230.85
06.03.2026 12:59:00.000 UTC,1.15552,1.15556,1.15539,1.15547,146.25
06.03.2026 13:00:00.000 UTC,1.15545,1.15588,1.15543,1.15572,304.35
06.03.2026 13:01:00.000 UTC,1.15571,1.15587,1.15567,1.15581,204.02
06.03.2026 13:02:00.000 UTC,1.15581,1.1561,1.15579,1.15595,197.72
06.03.2026 13:03:00.000 UTC,1.15596,1.15618,1.15586,1.15593,218.68
06.03.2026 13:04:00.000 UTC,1.15592,1.15595,1.15571,1.15578,157.59
06.03.2026 13:05:00.000 UTC,1.15577,1.15592,1.15559,1.15587,178.39
06.03.2026 13:06:00.000 UTC,1.15588,1.15624,1.15588,1.15623,150.75
06.03.2026 13:07:00.000 UTC,1.15622,1.15645,1.15622,1.15642,101.25
06.03.2026 13:08:00.000 UTC,1.15643,1.15643,1.15623,1.15626,160.82
06.03.2026 13:09:00.000 UTC,1.15628,1.15635,1.15597,1.15612,243.67
06.03.2026 13:10:00.000 UTC,1.15609,1.15634,1.15603,1.15625,230.05
06.03.2026 13:11:00.000 UTC,1.15627,1.15646,1.15627,1.15646,202.72
06.03.2026 13:12:00.000 UTC,1.15646,1.15649,1.15632,1.15635,121.5
06.03.2026 13:13:00.000 UTC,1.15637,1.15648,1.15637,1.15646,128.47
06.03.2026 13:14:00.000 UTC,1.15646,1.15657,1.1564,1.15642,181.78
06.03.2026 13:15:00.000 UTC,1.15643,1.15657,1.15632,1.15652,188.77
06.03.2026 13:16:00.000 UTC,1.15652,1.15658,1.15649,1.15651,171.45
06.03.2026 13:17:00.000 UTC,1.15652,1.15668,1.15641,1.15656,157.05
06.03.2026 13:18:00.000 UTC,1.15657,1.15674,1.15653,1.15653,134.31
06.03.2026 13:19:00.000 UTC,1.15654,1.15665,1.15647,1.15661,130.25
06.03.2026 13:20:00.000 UTC,1.15662,1.15672,1.15631,1.15656,324.21
06.03.2026 13:21:00.000 UTC,1.15658,1.15661,1.15635,1.15639,151.42
06.03.2026 13:22:00.000 UTC,1.1564,1.15642,1.15614,1.15623,146.92
06.03.2026 13:23:00.000 UTC,1.15626,1.15643,1.15626,1.15627,103.26
06.03.2026 13:24:00.000 UTC,1.15627,1.15642,1.15627,1.15632,140.85
06.03.2026 13:25:00.000 UTC,1.15634,1.15638,1.15623,1.15626,141.61
06.03.2026 13:26:00.000 UTC,1.15626,1.15637,1.15626,1.1563,85.5
06.03.2026 13:27:00.000 UTC,1.15629,1.15644,1.15629,1.15639,90.9
06.03.2026 13:28:00.000 UTC,1.15639,1.15648,1.15638,1.15643,91.8
06.03.2026 13:29:00.000 UTC,1.15643,1.15663,1.15638,1.15638,155.67
06.03.2026 13:30:00.000 UTC,1.15639,1.15928,1.15639,1.158,921.24
06.03.2026 13:31:00.000 UTC,1.158,1.15839,1.15755,1.15789,704.77
06.03.2026 13:32:00.000 UTC,1.15789,1.15868,1.15772,1.15855,532.68
06.03.2026 13:33:00.000 UTC,1.15855,1.15908,1.15855,1.15898,1173.63
06.03.2026 13:34:00.000 UTC,1.15898,1.15918,1.15847,1.15897,1199.6
06.03.2026 13:35:00.000 UTC,1.15896,1.15909,1.15849,1.15863,577.23
06.03.2026 13:36:00.000 UTC,1.15861,1.15867,1.15817,1.15828,446.36
06.03.2026 13:37:00.000 UTC,1.15826,1.15861,1.15796,1.15858,548.86
06.03.2026 13:38:00.000 UTC,1.15859,1.15911,1.15833,1.15911,501.43
06.03.2026 13:39:00.000 UTC,1.1591,1.15923,1.15889,1.1592,461.87
06.03.2026 13:40:00.000 UTC,1.15921,1.15926,1.1582,1.15824,482.7
06.03.2026 13:41:00.000 UTC,1.15824,1.15838,1.15799,1.15805,440.99
06.03.2026 13:42:00.000 UTC,1.15807,1.15889,1.15805,1.15871,479.86
06.03.2026 13:43:00.000 UTC,1.15874,1.1591,1.1586,1.1591,388.08
06.03.2026 13:44:00.000 UTC,1.1591,1.15925,1.15896,1.159,444.11
06.03.2026 13:45:00.000 UTC,1.15898,1.15903,1.15814,1.1582,644.46
06.03.2026 13:46:00.000 UTC,1.15819,1.15833,1.15769,1.1577,577.47
06.03.2026 13:47:00.000 UTC,1.15769,1.15787,1.1573,1.15742,612.98
06.03.2026 13:48:00.000 UTC,1.15741,1.15749,1.15717,1.15747,496.26
06.03.2026 13:49:00.000 UTC,1.1575,1.15775,1.1573,1.1575,557.51
06.03.2026 13:50:00.000 UTC,1.1575,1.15782,1.15675,1.15678,497.34
06.03.2026 13:51:00.000 UTC,1.15679,1.15679,1.1562,1.15631,714.08
06.03.2026 13:52:00.000 UTC,1.15632,1.15719,1.1563,1.15688,577.34
06.03.2026 13:53:00.000 UTC,1.15687,1.15687,1.15608,1.15614,516.67
06.03.2026 13:54:00.000 UTC,1.15613,1.15645,1.15582,1.15597,438.97
06.03.2026 13:55:00.000 UTC,1.15598,1.15604,1.15532,1.15533,520.75
06.03.2026 13:56:00.000 UTC,1.15533,1.15568,1.15504,1.15546,485.46
06.03.2026 13:57:00.000 UTC,1.15546,1.15585,1.15545,1.15547,526.41
06.03.2026 13:58:00.000 UTC,1.15544,1.15566,1.15535,1.15562,362.33
06.03.2026 13:59:00.000 UTC,1.15564,1.15583,1.15544,1.1555,388.33
06.03.2026 14:00:00.000 UTC,1.15549,1.15576,1.15533,1.15533,489.74
06.03.2026 14:01:00.000 UTC,1.15531,1.15626,1.15526,1.15615,447.82
06.03.2026 14:02:00.000 UTC,1.15618,1.15625,1.15565,1.15575,392.55
06.03.2026 14:03:00.000 UTC,1.15574,1.15592,1.15538,1.15585,379.95
06.03.2026 14:04:00.000 UTC,1.15583,1.15588,1.15541,1.15572,424.6
06.03.2026 14:05:00.000 UTC,1.15571,1.15579,1.15538,1.15543,332.14
06.03.2026 14:06:00.000 UTC,1.15547,1.15553,1.15504,1.1551,451.49
06.03.2026 14:07:00.000 UTC,1.15511,1.15514,1.15482,1.15496,606.2
06.03.2026 14:08:00.000 UTC,1.15499,1.15535,1.15492,1.15497,360.65
06.03.2026 14:09:00.000 UTC,1.15501,1.15503,1.15465,1.15488,336.94
06.03.2026 14:10:00.000 UTC,1.15488,1.15523,1.15471,1.15513,512.3
06.03.2026 14:11:00.000 UTC,1.15511,1.15546,1.15511,1.15523,436.95
06.03.2026 14:12:00.000 UTC,1.15524,1.15583,1.15522,1.15576,328.34
06.03.2026 14:13:00.000 UTC,1.15575,1.15581,1.15558,1.15568,260.55
06.03.2026 14:14:00.000 UTC,1.15569,1.15584,1.15558,1.15565,280.57
06.03.2026 14:15:00.000 UTC,1.15563,1.15572,1.15547,1.15553,285.77
06.03.2026 14:16:00.000 UTC,1.15553,1.1557,1.15529,1.15537,232.19
06.03.2026 14:17:00.000 UTC,1.15537,1.1555,1.15519,1.15519,221.33
06.03.2026 14:18:00.000 UTC,1.15518,1.15527,1.15489,1.15509,327.3
06.03.2026 14:19:00.000 UTC,1.15507,1.15513,1.15489,1.15507,184.3
06.03.2026 14:20:00.000 UTC,1.15506,1.15525,1.15485,1.15524,241.81
06.03.2026 14:21:00.000 UTC,1.15524,1.15545,1.15497,1.15497,284.77
06.03.2026 14:22:00.000 UTC,1.15496,1.15504,1.15477,1.15488,288.66
06.03.2026 14:23:00.000 UTC,1.15489,1.15489,1.15457,1.15474,247.68
06.03.2026 14:24:00.000 UTC,1.15475,1.15494,1.15469,1.15483,187.4
06.03.2026 14:25:00.000 UTC,1.15484,1.15495,1.15471,1.15485,263.42
06.03.2026 14:26:00.000 UTC,1.15485,1.15517,1.15478,1.15516,275.35
06.03.2026 14:27:00.000 UTC,1.15516,1.15523,1.15481,1.15523,222.38
06.03.2026 14:28:00.000 UTC,1.15525,1.15578,1.15524,1.15578,230.62
06.03.2026 14:29:00.000 UTC,1.15576,1.15589,1.15567,1.15574,311.03
06.03.2026 14:30:00.000 UTC,1.15577,1.15648,1.15574,1.15624,633.33
06.03.2026 14:31:00.000 UTC,1.15625,1.15667,1.15615,1.15663,481.73
06.03.2026 14:32:00.000 UTC,1.15661,1.15685,1.15649,1.15649,316.81
06.03.2026 14:33:00.000 UTC,1.1565,1.15654,1.15621,1.15622,277.4
06.03.2026 14:34:00.000 UTC,1.15621,1.15663,1.15621,1.15659,313.86
06.03.2026 14:35:00.000 UTC,1.15659,1.15673,1.15568,1.15568,480.18
06.03.2026 14:36:00.000 UTC,1.15569,1.15603,1.15561,1.15577,526.01
06.03.2026 14:37:00.000 UTC,1.15581,1.15608,1.15541,1.15542,430.79
06.03.2026 14:38:00.000 UTC,1.15543,1.15607,1.15539,1.15602,464.93
06.03.2026 14:39:00.000 UTC,1.15601,1.15629,1.15586,1.15606,392.66
06.03.2026 14:40:00.000 UTC,1.15604,1.15652,1.15595,1.15595,412.8
06.03.2026 14:41:00.000 UTC,1.15598,1.15653,1.15593,1.15653,370.47
06.03.2026 14:42:00.000 UTC,1.15653,1.15664,1.1563,1.15663,399.04
06.03.2026 14:43:00.000 UTC,1.15664,1.15703,1.15652,1.15658,435.17
06.03.2026 14:44:00.000 UTC,1.15659,1.15693,1.15642,1.15662,337.67
06.03.2026 14:45:00.000 UTC,1.15662,1.15698,1.15657,1.15681,349.84
06.03.2026 14:46:00.000 UTC,1.15684,1.15695,1.1565,1.15679,392.08
06.03.2026 14:47:00.000 UTC,1.15677,1.15679,1.15626,1.15637,433.32
06.03.2026 14:48:00.000 UTC,1.15638,1.15666,1.15636,1.15654,376.13
06.03.2026 14:49:00.000 UTC,1.15658,1.15674,1.15641,1.1565,571.18
06.03.2026 14:50:00.000 UTC,1.1565,1.15672,1.15635,1.15653,365.11
06.03.2026 14:51:00.000 UTC,1.15652,1.15718,1.1565,1.157,481.43
06.03.2026 14:52:00.000 UTC,1.15702,1.15733,1.15682,1.15728,452.02
06.03.2026 14:53:00.000 UTC,1.15728,1.15743,1.15711,1.15732,516.11
06.03.2026 14:54:00.000 UTC,1.15733,1.15745,1.15703,1.15709,517.7
06.03.2026 14:55:00.000 UTC,1.15711,1.15736,1.1571,1.15732,516.01
06.03.2026 14:56:00.000 UTC,1.15733,1.15744,1.157,1.15706,415.21
06.03.2026 14:57:00.000 UTC,1.15708,1.15737,1.15684,1.15724,254.43
06.03.2026 14:58:00.000 UTC,1.15724,1.15725,1.15706,1.1571,203.84
06.03.2026 14:59:00.000 UTC,1.1571,1.15729,1.157,1.1572,203.15
06.03.2026 15:00:00.000 UTC,1.15717,1.15862,1.15717,1.1586,531.77
06.03.2026 15:01:00.000 UTC,1.15861,1.15894,1.15859,1.15879,393.22
06.03.2026 15:02:00.000 UTC,1.15878,1.15927,1.15869,1.15885,516.02
06.03.2026 15:03:00.000 UTC,1.15883,1.15888,1.15848,1.15849,575.8
06.03.2026 15:04:00.000 UTC,1.15849,1.15862,1.15828,1.15857,406.54
06.03.2026 15:05:00.000 UTC,1.15857,1.15876,1.158,1.15813,431.15
06.03.2026 15:06:00.000 UTC,1.15813,1.15854,1.15813,1.15831,448.6
06.03.2026 15:07:00.000 UTC,1.1583,1.15839,1.15776,1.15776,322.64
06.03.2026 15:08:00.000 UTC,1.15776,1.15799,1.15775,1.15786,356.64
06.03.2026 15:09:00.000 UTC,1.15786,1.15786,1.15749,1.15777,331.4
06.03.2026 15:10:00.000 UTC,1.15775,1.15803,1.15775,1.15783,361.6
06.03.2026 15:11:00.000 UTC,1.15782,1.15817,1.15781,1.15815,340.41
06.03.2026 15:12:00.000 UTC,1.15814,1.15825,1.15797,1.15817,332.28
06.03.2026 15:13:00.000 UTC,1.15818,1.15899,1.15818,1.15898,547.64
06.03.2026 15:14:00.000 UTC,1.15896,1.159,1.15874,1.15898,342.44
06.03.2026 15:15:00.000 UTC,1.15898,1.15927,1.15868,1.15903,351.42
06.03.2026 15:16:00.000 UTC,1.15904,1.15904,1.15868,1.15877,327.62
06.03.2026 15:17:00.000 UTC,1.15877,1.15898,1.1586,1.15889,390.55
06.03.2026 15:18:00.000 UTC,1.15889,1.159,1.15872,1.15877,310.05
06.03.2026 15:19:00.000 UTC,1.15878,1.15884,1.1583,1.1583,312.55
06.03.2026 15:20:00.000 UTC,1.15832,1.15853,1.15823,1.15823,297.9
06.03.2026 15:21:00.000 UTC,1.15824,1.15847,1.1581,1.15837,357.05
06.03.2026 15:22:00.000 UTC,1.15839,1.15843,1.15818,1.15827,256.98
06.03.2026 15:23:00.000 UTC,1.15825,1.15833,1.15807,1.15817,210.8
06.03.2026 15:24:00.000 UTC,1.1582,1.15889,1.1582,1.15872,409.31
06.03.2026 15:25:00.000 UTC,1.1587,1.1587,1.1584,1.15849,292.67
06.03.2026 15:26:00.000 UTC,1.1585,1.15858,1.15805,1.15808,322.24
06.03.2026 15:27:00.000 UTC,1.15807,1.1582,1.15766,1.15777,346.25
06.03.2026 15:28:00.000 UTC,1.15775,1.15776,1.1574,1.15752,368.03
06.03.2026 15:29:00.000 UTC,1.15752,1.15755,1.15724,1.15755,366.32
06.03.2026 15:30:00.000 UTC,1.15756,1.15818,1.15756,1.15808,459.85
06.03.2026 15:31:00.000 UTC,1.15808,1.15854,1.15808,1.15831,405.46
06.03.2026 15:32:00.000 UTC,1.1583,1.1584,1.15804,1.15829,340.15
06.03.2026 15:33:00.000 UTC,1.15829,1.15831,1.15794,1.15802,329.41
06.03.2026 15:34:00.000 UTC,1.15802,1.15842,1.15798,1.15838,271.91
06.03.2026 15:35:00.000 UTC,1.15835,1.15851,1.15825,1.15841,262.11
06.03.2026 15:36:00.000 UTC,1.15841,1.15849,1.15823,1.15826,239.96
06.03.2026 15:37:00.000 UTC,1.15828,1.15841,1.15803,1.15823,239.7
06.03.2026 15:38:00.000 UTC,1.15823,1.15847,1.1582,1.15847,246.97
06.03.2026 15:39:00.000 UTC,1.15845,1.15848,1.15822,1.15847,350.77
06.03.2026 15:40:00.000 UTC,1.15845,1.15846,1.158,1.15803,297.82
06.03.2026 15:41:00.000 UTC,1.15804,1.15815,1.15757,1.15777,411.9
06.03.2026 15:42:00.000 UTC,1.15777,1.15792,1.15741,1.15756,458.63
06.03.2026 15:43:00.000 UTC,1.15755,1.15774,1.15741,1.15745,405.62
06.03.2026 15:44:00.000 UTC,1.15746,1.15785,1.15743,1.1578,331.18
06.03.2026 15:45:00.000 UTC,1.15779,1.1582,1.15777,1.15808,300.75
06.03.2026 15:46:00.000 UTC,1.15809,1.15809,1.15735,1.15739,302.13
06.03.2026 15:47:00.000 UTC,1.15742,1.15752,1.15731,1.15732,195.05
06.03.2026 15:48:00.000 UTC,1.15731,1.15749,1.15724,1.15747,229.39
06.03.2026 15:49:00.000 UTC,1.15745,1.15749,1.15711,1.15736,303.46
06.03.2026 15:50:00.000 UTC,1.15737,1.15737,1.15717,1.15731,222.07
06.03.2026 15:51:00.000 UTC,1.15731,1.15736,1.15709,1.15716,212.16
06.03.2026 15:52:00.000 UTC,1.15718,1.15729,1.15705,1.15713,233.74
06.03.2026 15:53:00.000 UTC,1.15716,1.15743,1.15713,1.15738,226.64
06.03.2026 15:54:00.000 UTC,1.1574,1.15748,1.15726,1.15744,227.06
06.03.2026 15:55:00.000 UTC,1.15746,1.15768,1.15736,1.15766,276.27
06.03.2026 15:56:00.000 UTC,1.15768,1.15808,1.15768,1.158,454.6
06.03.2026 15:57:00.000 UTC,1.15799,1.15799,1.15763,1.15772,415.82
06.03.2026 15:58:00.000 UTC,1.15772,1.15775,1.15763,1.15774,205.33
06.03.2026 15:59:00.000 UTC,1.15773,1.15796,1.15771,1.15796,248.39
06.03.2026 16:00:00.000 UTC,1.15794,1.15805,1.15788,1.15803,233.44
06.03.2026 16:01:00.000 UTC,1.158,1.1581,1.15798,1.15808,195.69
06.03.2026 16:02:00.000 UTC,1.15808,1.15813,1.158,1.15807,234.07
06.03.2026 16:03:00.000 UTC,1.15808,1.15869,1.15807,1.15869,279.67
06.03.2026 16:04:00.000 UTC,1.15872,1.15936,1.15872,1.15925,461.45
06.03.2026 16:05:00.000 UTC,1.15927,1.15944,1.15921,1.15933,349.76
06.03.2026 16:06:00.000 UTC,1.15933,1.15971,1.15933,1.15952,336.23
06.03.2026 16:07:00.000 UTC,1.15956,1.1599,1.15956,1.15989,287.64
06.03.2026 16:08:00.000 UTC,1.15989,1.15999,1.15977,1.15977,295.51
06.03.2026 16:09:00.000 UTC,1.15976,1.15981,1.15934,1.15975,331.16
06.03.2026 16:10:00.000 UTC,1.15978,1.15987,1.15939,1.15942,294.28
06.03.2026 16:11:00.000 UTC,1.15944,1.15944,1.15894,1.15909,313.14
06.03.2026 16:12:00.000 UTC,1.15911,1.1593,1.15905,1.15911,239.07
06.03.2026 16:13:00.000 UTC,1.15911,1.15921,1.15885,1.15893,226.53
06.03.2026 16:14:00.000 UTC,1.15896,1.15903,1.15877,1.15895,246.62
06.03.2026 16:15:00.000 UTC,1.15897,1.15952,1.15891,1.15952,304.23
06.03.2026 16:16:00.000 UTC,1.15955,1.15977,1.15933,1.15939,275.27
06.03.2026 16:17:00.000 UTC,1.15939,1.15979,1.15934,1.1597,230.12
06.03.2026 16:18:00.000 UTC,1.1597,1.16022,1.1597,1.16021,326.68
06.03.2026 16:19:00.000 UTC,1.16021,1.16043,1.16012,1.16043,305.81
06.03.2026 16:20:00.000 UTC,1.16044,1.16069,1.16036,1.16041,241.73
06.03.2026 16:21:00.000 UTC,1.16041,1.16041,1.15997,1.15997,231.89
06.03.2026 16:22:00.000 UTC,1.15997,1.16003,1.15983,1.15992,168.45
06.03.2026 16:23:00.000 UTC,1.1599,1.15999,1.15965,1.1598,177.19
06.03.2026 16:24:00.000 UTC,1.15982,1.15991,1.15967,1.15982,218.99
06.03.2026 16:25:00.000 UTC,1.15983,1.15999,1.15977,1.1599,288.53
06.03.2026 16:26:00.000 UTC,1.15992,1.15998,1.15981,1.15992,194.39
06.03.2026 16:27:00.000 UTC,1.15992,1.15997,1.15976,1.15981,245.47
06.03.2026 16:28:00.000 UTC,1.1598,1.1599,1.15956,1.15971,156.62
06.03.2026 16:29:00.000 UTC,1.15972,1.1598,1.1595,1.15972,167.25
06.03.2026 16:30:00.000 UTC,1.1597,1.15992,1.15968,1.1597,276.68
06.03.2026 16:31:00.000 UTC,1.1597,1.15992,1.15957,1.15989,241.87
06.03.2026 16:32:00.000 UTC,1.15989,1.16013,1.15985,1.15999,187.51
06.03.2026 16:33:00.000 UTC,1.16,1.16005,1.15959,1.15959,271.83
06.03.2026 16:34:00.000 UTC,1.15959,1.15996,1.15945,1.15983,279.56
06.03.2026 16:35:00.000 UTC,1.15983,1.16014,1.15971,1.16014,236.2
06.03.2026 16:36:00.000 UTC,1.16016,1.16062,1.16011,1.16062,230.89
06.03.2026 16:37:00.000 UTC,1.16061,1.16092,1.16056,1.16089,317.91
06.03.2026 16:38:00.000 UTC,1.16089,1.16091,1.16051,1.1606,204.05
06.03.2026 16:39:00.000 UTC,1.16061,1.16081,1.16045,1.16047,280.01
06.03.2026 16:40:00.000 UTC,1.16049,1.16063,1.16016,1.1606,292.97
06.03.2026 16:41:00.000 UTC,1.16059,1.16062,1.16032,1.16057,230.04
06.03.2026 16:42:00.000 UTC,1.16058,1.16059,1.16033,1.16038,237.33
06.03.2026 16:43:00.000 UTC,1.16038,1.16086,1.16038,1.16084,222.28
06.03.2026 16:44:00.000 UTC,1.16085,1.16088,1.16057,1.16086,235.45
06.03.2026 16:45:00.000 UTC,1.16084,1.16122,1.16072,1.16117,219.34
06.03.2026 16:46:00.000 UTC,1.16117,1.16129,1.16109,1.16128,239.94
06.03.2026 16:47:00.000 UTC,1.16128,1.16128,1.16084,1.16088,313.86
06.03.2026 16:48:00.000 UTC,1.16088,1.16104,1.16082,1.16103,154.77
06.03.2026 16:49:00.000 UTC,1.16104,1.16122,1.16071,1.16071,214.08
06.03.2026 16:50:00.000 UTC,1.16071,1.16072,1.16044,1.16051,181.43
06.03.2026 16:51:00.000 UTC,1.16052,1.16093,1.1605,1.16091,206.1
06.03.2026 16:52:00.000 UTC,1.16091,1.16122,1.16087,1.16117,163.1
06.03.2026 16:53:00.000 UTC,1.16117,1.16125,1.161,1.16111,243.43
06.03.2026 16:54:00.000 UTC,1.16111,1.16115,1.16056,1.16065,242.69
06.03.2026 16:55:00.000 UTC,1.16065,1.16075,1.16036,1.16039,299.17
06.03.2026 16:56:00.000 UTC,1.16038,1.16047,1.16006,1.16032,217.79
06.03.2026 16:57:00.000 UTC,1.16031,1.16063,1.16025,1.16043,259.24
06.03.2026 16:58:00.000 UTC,1.16042,1.16065,1.16037,1.16052,206.1
06.03.2026 16:59:00.000 UTC,1.16051,1.16068,1.16047,1.16055,249.66
06.03.2026 17:00:00.000 UTC,1.16054,1.16055,1.16035,1.16037,258.68
06.03.2026 17:01:00.000 UTC,1.16034,1.16062,1.16034,1.16057,218.02
06.03.2026 17:02:00.000 UTC,1.16058,1.16062,1.16009,1.16012,239.13
06.03.2026 17:03:00.000 UTC,1.16013,1.16054,1.16009,1.16054,236.23
06.03.2026 17:04:00.000 UTC,1.16054,1.16085,1.16047,1.16061,336.97
06.03.2026 17:05:00.000 UTC,1.16061,1.16062,1.16033,1.16048,254.99
06.03.2026 17:06:00.000 UTC,1.16045,1.16048,1.16,1.16001,281.44
06.03.2026 17:07:00.000 UTC,1.16001,1.16004,1.15981,1.15982,205.4
06.03.2026 17:08:00.000 UTC,1.1598,1.16002,1.15972,1.1599,212.62
06.03.2026 17:09:00.000 UTC,1.15991,1.16015,1.15977,1.16002,197.04
06.03.2026 17:10:00.000 UTC,1.15999,1.16013,1.15999,1.16003,186.07
06.03.2026 17:11:00.000 UTC,1.16006,1.16014,1.15992,1.16006,179.08
06.03.2026 17:12:00.000 UTC,1.16008,1.16013,1.1599,1.15997,176.81
06.03.2026 17:13:00.000 UTC,1.15995,1.16,1.15972,1.15975,214.02
06.03.2026 17:14:00.000 UTC,1.15976,1.1598,1.1596,1.15963,133.42
06.03.2026 17:15:00.000 UTC,1.15962,1.15997,1.15959,1.15987,178.64
06.03.2026 17:16:00.000 UTC,1.15987,1.15993,1.15962,1.15966,237.11
06.03.2026 17:17:00.000 UTC,1.15965,1.15992,1.15959,1.15985,273.37
06.03.2026 17:18:00.000 UTC,1.15984,1.1601,1.15982,1.15985,297.88
06.03.2026 17:19:00.000 UTC,1.15987,1.16025,1.15984,1.16024,246.15
06.03.2026 17:20:00.000 UTC,1.16023,1.16041,1.16005,1.16015,379.93
06.03.2026 17:21:00.000 UTC,1.16017,1.16033,1.16004,1.16032,293.82
06.03.2026 17:22:00.000 UTC,1.16034,1.16095,1.16032,1.16055,367.83
06.03.2026 17:23:00.000 UTC,1.16055,1.16063,1.16031,1.16035,228.63
06.03.2026 17:24:00.000 UTC,1.16036,1.16042,1.16021,1.16022,150.43
06.03.2026 17:25:00.000 UTC,1.16021,1.16021,1.1597,1.15974,219.11
06.03.2026 17:26:00.000 UTC,1.15972,1.15981,1.15952,1.15963,191.02
06.03.2026 17:27:00.000 UTC,1.15962,1.15979,1.15957,1.15963,127.1
06.03.2026 17:28:00.000 UTC,1.15963,1.15968,1.15952,1.15963,193.05
06.03.2026 17:29:00.000 UTC,1.15965,1.15977,1.15952,1.15954,160.64
06.03.2026 17:30:00.000 UTC,1.15953,1.15987,1.15948,1.1598,186.61
06.03.2026 17:31:00.000 UTC,1.15979,1.15992,1.15976,1.15988,126.89
06.03.2026 17:32:00.000 UTC,1.15987,1.15988,1.15971,1.15979,113.17
06.03.2026 17:33:00.000 UTC,1.15981,1.16008,1.15981,1.15997,144
06.03.2026 17:34:00.000 UTC,1.15996,1.16015,1.15986,1.16007,170.31
06.03.2026 17:35:00.000 UTC,1.16009,1.16009,1.15987,1.15988,136.55
06.03.2026 17:36:00.000 UTC,1.15988,1.15993,1.15978,1.15979,202.86
06.03.2026 17:37:00.000 UTC,1.15981,1.15987,1.15956,1.15985,172.75
06.03.2026 17:38:00.000 UTC,1.15985,1.15985,1.15961,1.15961,129.82
06.03.2026 17:39:00.000 UTC,1.15962,1.15965,1.15948,1.15957,144.88
06.03.2026 17:40:00.000 UTC,1.15957,1.15967,1.15946,1.15952,118.8
06.03.2026 17:41:00.000 UTC,1.15954,1.15961,1.15948,1.15959,117
06.03.2026 17:42:00.000 UTC,1.15958,1.1596,1.15947,1.15957,127.57
06.03.2026 17:43:00.000 UTC,1.15958,1.15982,1.15955,1.15971,211.71
06.03.2026 17:44:00.000 UTC,1.15972,1.16,1.15961,1.15993,200.71
06.03.2026 17:45:00.000 UTC,1.15994,1.16001,1.15957,1.15973,331.32
06.03.2026 17:46:00.000 UTC,1.15973,1.15991,1.15957,1.15991,182.21
06.03.2026 17:47:00.000 UTC,1.1599,1.16003,1.1598,1.15997,137.7
06.03.2026 17:48:00.000 UTC,1.15999,1.16015,1.15982,1.16012,180.64
06.03.2026 17:49:00.000 UTC,1.16014,1.16043,1.16002,1.16011,165.1
06.03.2026 17:50:00.000 UTC,1.16012,1.16055,1.16012,1.16048,140.85
06.03.2026 17:51:00.000 UTC,1.16047,1.16051,1.16005,1.16007,157.04
06.03.2026 17:52:00.000 UTC,1.16006,1.16022,1.15981,1.15999,198.65
06.03.2026 17:53:00.000 UTC,1.15999,1.16012,1.15986,1.16011,181.32
06.03.2026 17:54:00.000 UTC,1.16008,1.16013,1.15977,1.15977,225.22
06.03.2026 17:55:00.000 UTC,1.15976,1.15997,1.15972,1.15973,216
06.03.2026 17:56:00.000 UTC,1.15973,1.16018,1.15967,1.16006,190.09
06.03.2026 17:57:00.000 UTC,1.16007,1.16017,1.15991,1.15993,167.67
06.03.2026 17:58:00.000 UTC,1.15991,1.15994,1.15966,1.15968,181.12
06.03.2026 17:59:00.000 UTC,1.15968,1.15973,1.15957,1.15957,162.45
06.03.2026 18:00:00.000 UTC,1.15959,1.15984,1.15954,1.15967,208.79
06.03.2026 18:01:00.000 UTC,1.15968,1.16033,1.15967,1.16024,348.32
06.03.2026 18:02:00.000 UTC,1.16025,1.16041,1.16017,1.16021,253.76
06.03.2026 18:03:00.000 UTC,1.16021,1.16036,1.16005,1.16008,261.17
06.03.2026 18:04:00.000 UTC,1.16009,1.16011,1.15951,1.15967,249.23
06.03.2026 18:05:00.000 UTC,1.1597,1.16,1.15966,1.15998,212.38
06.03.2026 18:06:00.000 UTC,1.15999,1.16047,1.15996,1.16032,251.54
06.03.2026 18:07:00.000 UTC,1.1603,1.1604,1.16015,1.16027,165.81
06.03.2026 18:08:00.000 UTC,1.16026,1.16032,1.16015,1.16015,184.46
06.03.2026 18:09:00.000 UTC,1.16015,1.16066,1.16013,1.16053,278.52
06.03.2026 18:10:00.000 UTC,1.16051,1.16065,1.16039,1.16059,200.45
06.03.2026 18:11:00.000 UTC,1.1606,1.16085,1.16059,1.16081,155.23
06.03.2026 18:12:00.000 UTC,1.16083,1.16104,1.16083,1.16097,204.97
06.03.2026 18:13:00.000 UTC,1.16098,1.16153,1.16098,1.16148,213.07
06.03.2026 18:14:00.000 UTC,1.16147,1.16172,1.1613,1.16144,276.26
06.03.2026 18:15:00.000 UTC,1.16143,1.16175,1.16121,1.16171,366.97
06.03.2026 18:16:00.000 UTC,1.16174,1.16182,1.16137,1.16163,293.99
06.03.2026 18:17:00.000 UTC,1.16164,1.16173,1.16148,1.16152,267.47
06.03.2026 18:18:00.000 UTC,1.16153,1.16194,1.16153,1.16188,258.74
06.03.2026 18:19:00.000 UTC,1.16189,1.16196,1.16178,1.1618,254.08
06.03.2026 18:20:00.000 UTC,1.16179,1.16213,1.16178,1.16199,409.7
06.03.2026 18:21:00.000 UTC,1.16198,1.16198,1.16151,1.16153,271.3
06.03.2026 18:22:00.000 UTC,1.16158,1.16161,1.16112,1.16117,195.41
06.03.2026 18:23:00.000 UTC,1.16119,1.16137,1.16117,1.16123,249.03
06.03.2026 18:24:00.000 UTC,1.16121,1.16128,1.16102,1.16118,190.5
06.03.2026 18:25:00.000 UTC,1.16117,1.16117,1.16091,1.16098,140.99
06.03.2026 18:26:00.000 UTC,1.16098,1.16102,1.16077,1.1609,184
06.03.2026 18:27:00.000 UTC,1.16089,1.16092,1.16078,1.16078,136.8
06.03.2026 18:28:00.000 UTC,1.16079,1.1609,1.16062,1.16067,156.11
06.03.2026 18:29:00.000 UTC,1.16069,1.16069,1.16048,1.1606,153.65
06.03.2026 18:30:00.000 UTC,1.16061,1.16072,1.16056,1.16071,111.82
06.03.2026 18:31:00.000 UTC,1.1607,1.16098,1.16066,1.16082,190.78
06.03.2026 18:32:00.000 UTC,1.16083,1.16102,1.16076,1.16076,185.81
06.03.2026 18:33:00.000 UTC,1.16077,1.16089,1.16061,1.16086,141.3
06.03.2026 18:34:00.000 UTC,1.16088,1.1609,1.16067,1.16068,178.12
06.03.2026 18:35:00.000 UTC,1.16069,1.16073,1.16036,1.16039,219.81
06.03.2026 18:36:00.000 UTC,1.1604,1.16052,1.16027,1.16027,188.31
06.03.2026 18:37:00.000 UTC,1.16031,1.16036,1.16002,1.16012,106.39
06.03.2026 18:38:00.000 UTC,1.16013,1.16035,1.16007,1.16012,131.39
06.03.2026 18:39:00.000 UTC,1.16012,1.16034,1.15999,1.16007,129.13
06.03.2026 18:40:00.000 UTC,1.16006,1.16022,1.16003,1.16013,114.61
06.03.2026 18:41:00.000 UTC,1.16013,1.16033,1.16011,1.16033,59.85
06.03.2026 18:42:00.000 UTC,1.16029,1.16039,1.16024,1.16025,110.9
06.03.2026 18:43:00.000 UTC,1.16027,1.16032,1.1602,1.16027,72.9
06.03.2026 18:44:00.000 UTC,1.16028,1.16031,1.16021,1.16025,74.25
06.03.2026 18:45:00.000 UTC,1.16025,1.16036,1.16021,1.16034,155.7
06.03.2026 18:46:00.000 UTC,1.16034,1.16035,1.16016,1.16024,98.96
06.03.2026 18:47:00.000 UTC,1.16026,1.16042,1.16026,1.16028,104.62
06.03.2026 18:48:00.000 UTC,1.1603,1.1603,1.15984,1.15987,142.85
06.03.2026 18:49:00.000 UTC,1.15987,1.15994,1.1598,1.15987,125.55
06.03.2026 18:50:00.000 UTC,1.15986,1.15989,1.15959,1.15962,105.27
06.03.2026 18:51:00.000 UTC,1.15961,1.15977,1.15941,1.1595,147.11
06.03.2026 18:52:00.000 UTC,1.15951,1.15966,1.15946,1.1596,160.94
06.03.2026 18:53:00.000 UTC,1.15957,1.15965,1.15955,1.1596,79.2
06.03.2026 18:54:00.000 UTC,1.15959,1.15959,1.15927,1.15939,116.98
06.03.2026 18:55:00.000 UTC,1.15942,1.1597,1.15941,1.1597,113.4
06.03.2026 18:56:00.000 UTC,1.15966,1.15967,1.15951,1.15961,133.64
06.03.2026 18:57:00.000 UTC,1.15961,1.16008,1.15959,1.16003,170.55
06.03.2026 18:58:00.000 UTC,1.16002,1.16019,1.15997,1.15999,162
06.03.2026 18:59:00.000 UTC,1.16,1.1601,1.15982,1.15984,116.01
06.03.2026 19:00:00.000 UTC,1.15985,1.15992,1.15972,1.15984,211.72
06.03.2026 19:01:00.000 UTC,1.15983,1.15988,1.15975,1.15983,172.8
06.03.2026 19:02:00.000 UTC,1.15981,1.15985,1.15973,1.15979,98.1
06.03.2026 19:03:00.000 UTC,1.15977,1.15985,1.15971,1.15983,146.23
06.03.2026 19:04:00.000 UTC,1.15982,1.15984,1.15965,1.15983,97.2
06.03.2026 19:05:00.000 UTC,1.15981,1.16001,1.1597,1.15997,155.25
06.03.2026 19:06:00.000 UTC,1.15998,1.16028,1.15997,1.16028,177.05
06.03.2026 19:07:00.000 UTC,1.16029,1.16047,1.16029,1.16037,147.6
06.03.2026 19:08:00.000 UTC,1.16037,1.16037,1.16016,1.16022,103.93
06.03.2026 19:09:00.000 UTC,1.16022,1.16039,1.1602,1.16027,91.32
06.03.2026 19:10:00.000 UTC,1.16026,1.16048,1.16021,1.16048,118.11
06.03.2026 19:11:00.000 UTC,1.16047,1.16059,1.16044,1.16052,207.85
06.03.2026 19:12:00.000 UTC,1.16052,1.16062,1.16051,1.16061,122.13
06.03.2026 19:13:00.000 UTC,1.16062,1.16066,1.16052,1.16052,65.46
06.03.2026 19:14:00.000 UTC,1.16053,1.16057,1.16047,1.1605,84.07
06.03.2026 19:15:00.000 UTC,1.1605,1.1605,1.16033,1.16041,92
06.03.2026 19:16:00.000 UTC,1.16043,1.16074,1.16042,1.16063,107.3
06.03.2026 19:17:00.000 UTC,1.16062,1.16076,1.1606,1.16064,66.42
06.03.2026 19:18:00.000 UTC,1.16065,1.16071,1.16062,1.16067,72
06.03.2026 19:19:00.000 UTC,1.16067,1.16087,1.16067,1.16087,65.7
06.03.2026 19:20:00.000 UTC,1.16086,1.16086,1.16068,1.16072,86.84
06.03.2026 19:21:00.000 UTC,1.16074,1.16074,1.16062,1.16063,77.16
06.03.2026 19:22:00.000 UTC,1.16062,1.16063,1.16039,1.16041,112.93
06.03.2026 19:23:00.000 UTC,1.16041,1.16063,1.16023,1.16043,198.87
06.03.2026 19:24:00.000 UTC,1.16042,1.16048,1.16034,1.16038,120.6
06.03.2026 19:25:00.000 UTC,1.16037,1.16037,1.16007,1.16024,181.79
06.03.2026 19:26:00.000 UTC,1.16022,1.16043,1.16005,1.16042,257.17
06.03.2026 19:27:00.000 UTC,1.16043,1.16067,1.16036,1.1605,264.09
06.03.2026 19:28:00.000 UTC,1.16051,1.16058,1.16042,1.16052,246.15
06.03.2026 19:29:00.000 UTC,1.16053,1.16062,1.16052,1.16061,161.55
06.03.2026 19:30:00.000 UTC,1.1606,1.16068,1.16044,1.16047,179.09
06.03.2026 19:31:00.000 UTC,1.16046,1.16065,1.16045,1.16064,173.7
06.03.2026 19:32:00.000 UTC,1.16062,1.16074,1.16056,1.16061,122.62
06.03.2026 19:33:00.000 UTC,1.16063,1.16079,1.16063,1.16073,138.37
06.03.2026 19:34:00.000 UTC,1.16072,1.16072,1.16042,1.16052,117.2
06.03.2026 19:35:00.000 UTC,1.16053,1.16075,1.16053,1.16072,125.77
06.03.2026 19:36:00.000 UTC,1.16074,1.16077,1.16063,1.16066,130.94
06.03.2026 19:37:00.000 UTC,1.16063,1.16075,1.16053,1.16058,148.25
06.03.2026 19:38:00.000 UTC,1.16057,1.16065,1.16019,1.16044,147.82
06.03.2026 19:39:00.000 UTC,1.16043,1.16053,1.16033,1.16039,161.99
06.03.2026 19:40:00.000 UTC,1.16039,1.16062,1.16038,1.16057,77.4
06.03.2026 19:41:00.000 UTC,1.16057,1.16081,1.16057,1.1607,88.2
06.03.2026 19:42:00.000 UTC,1.16071,1.16078,1.16062,1.16077,115.19
06.03.2026 19:43:00.000 UTC,1.16076,1.16076,1.16062,1.16071,92.92
06.03.2026 19:44:00.000 UTC,1.16071,1.16071,1.16039,1.16043,134.39
06.03.2026 19:45:00.000 UTC,1.16042,1.16049,1.16028,1.16038,97.14
06.03.2026 19:46:00.000 UTC,1.16037,1.16051,1.16035,1.16046,91.1
06.03.2026 19:47:00.000 UTC,1.16046,1.16047,1.16012,1.16012,102.6
06.03.2026 19:48:00.000 UTC,1.16013,1.16019,1.16008,1.16012,55.12
06.03.2026 19:49:00.000 UTC,1.16012,1.16023,1.16008,1.16017,84.15
06.03.2026 19:50:00.000 UTC,1.16016,1.16032,1.16014,1.16032,45.63
06.03.2026 19:51:00.000 UTC,1.16032,1.1604,1.16023,1.16033,89.07
06.03.2026 19:52:00.000 UTC,1.16032,1.16049,1.16028,1.16045,53.55
06.03.2026 19:53:00.000 UTC,1.16045,1.16063,1.16045,1.16063,65.02
06.03.2026 19:54:00.000 UTC,1.16064,1.16077,1.16062,1.16072,92.7
06.03.2026 19:55:00.000 UTC,1.16072,1.16082,1.16064,1.16076,85.49
06.03.2026 19:56:00.000 UTC,1.16076,1.16094,1.16076,1.16088,126.08
06.03.2026 19:57:00.000 UTC,1.16086,1.16086,1.16044,1.16049,155.23
06.03.2026 19:58:00.000 UTC,1.16047,1.16062,1.16039,1.16041,81.9
06.03.2026 19:59:00.000 UTC,1.16039,1.1604,1.16005,1.16012,167.4
06.03.2026 20:00:00.000 UTC,1.16013,1.16033,1.16013,1.16029,172.12
06.03.2026 20:01:00.000 UTC,1.16029,1.16051,1.16016,1.16041,157.72
06.03.2026 20:02:00.000 UTC,1.1604,1.16058,1.16038,1.16057,150.73
06.03.2026 20:03:00.000 UTC,1.16057,1.16058,1.16026,1.16037,107.98
06.03.2026 20:04:00.000 UTC,1.16036,1.16046,1.16025,1.16046,88.2
06.03.2026 20:05:00.000 UTC,1.16048,1.16054,1.16026,1.16027,94.05
06.03.2026 20:06:00.000 UTC,1.16028,1.16037,1.16028,1.16032,58.27
06.03.2026 20:07:00.000 UTC,1.1603,1.16052,1.1603,1.16049,42.52
06.03.2026 20:08:00.000 UTC,1.16049,1.16054,1.16032,1.16043,70.42
06.03.2026 20:09:00.000 UTC,1.16042,1.16048,1.16032,1.16047,36.9
06.03.2026 20:10:00.000 UTC,1.16049,1.16049,1.16019,1.16025,122.84
06.03.2026 20:11:00.000 UTC,1.16024,1.16033,1.16019,1.16023,134.77
06.03.2026 20:12:00.000 UTC,1.16023,1.16036,1.16022,1.16032,104.85
06.03.2026 20:13:00.000 UTC,1.16031,1.16051,1.16029,1.1605,80.55
06.03.2026 20:14:00.000 UTC,1.16048,1.16054,1.16043,1.16052,51.3
06.03.2026 20:15:00.000 UTC,1.16052,1.16053,1.16022,1.16023,103.04
06.03.2026 20:16:00.000 UTC,1.16025,1.16049,1.16021,1.16041,117
06.03.2026 20:17:00.000 UTC,1.16044,1.16045,1.16033,1.16033,63
06.03.2026 20:18:00.000 UTC,1.16035,1.16043,1.16033,1.16033,66.6
06.03.2026 20:19:00.000 UTC,1.16033,1.1604,1.1601,1.16013,100.12
06.03.2026 20:20:00.000 UTC,1.16012,1.16019,1.16007,1.16012,76.14
06.03.2026 20:21:00.000 UTC,1.16013,1.16013,1.15992,1.16009,48.15
06.03.2026 20:22:00.000 UTC,1.1601,1.16017,1.15998,1.16003,49.05
06.03.2026 20:23:00.000 UTC,1.16005,1.16014,1.15998,1.16002,68.16
06.03.2026 20:24:00.000 UTC,1.16002,1.16015,1.15998,1.15999,48.15
06.03.2026 20:25:00.000 UTC,1.15997,1.1601,1.15996,1.16008,107.55
06.03.2026 20:26:00.000 UTC,1.16009,1.16009,1.15997,1.16004,79.2
06.03.2026 20:27:00.000 UTC,1.16004,1.16004,1.15982,1.15982,70.41
06.03.2026 20:28:00.000 UTC,1.15983,1.15998,1.15978,1.15978,73.1
06.03.2026 20:29:00.000 UTC,1.15976,1.15986,1.15971,1.15986,120.6
06.03.2026 20:30:00.000 UTC,1.15986,1.16002,1.15983,1.15983,144.44
06.03.2026 20:31:00.000 UTC,1.15983,1.15989,1.15973,1.15987,96.52
06.03.2026 20:32:00.000 UTC,1.15989,1.1599,1.15974,1.15978,122.85
06.03.2026 20:33:00.000 UTC,1.15978,1.15984,1.15977,1.15984,86.4
06.03.2026 20:34:00.000 UTC,1.15985,1.15988,1.15968,1.15968,83.47
06.03.2026 20:35:00.000 UTC,1.15968,1.15969,1.1596,1.15969,69.52
06.03.2026 20:36:00.000 UTC,1.15968,1.1598,1.15967,1.15967,85.27
06.03.2026 20:37:00.000 UTC,1.15967,1.16004,1.15957,1.15999,134.96
06.03.2026 20:38:00.000 UTC,1.15998,1.16008,1.15997,1.16004,54
06.03.2026 20:39:00.000 UTC,1.16005,1.16032,1.16005,1.16031,92.25
06.03.2026 20:40:00.000 UTC,1.16034,1.1607,1.16027,1.16064,144.9
06.03.2026 20:41:00.000 UTC,1.16061,1.16063,1.16048,1.16057,94.04
06.03.2026 20:42:00.000 UTC,1.16056,1.16059,1.16047,1.16047,63.22
06.03.2026 20:43:00.000 UTC,1.16046,1.16046,1.16031,1.16032,88.87
06.03.2026 20:44:00.000 UTC,1.16032,1.16033,1.16015,1.16024,89.54
06.03.2026 20:45:00.000 UTC,1.16026,1.16041,1.16022,1.16039,89.1
06.03.2026 20:46:00.000 UTC,1.16038,1.16053,1.16038,1.16045,65.9
06.03.2026 20:47:00.000 UTC,1.16045,1.16069,1.16043,1.16063,146.24
06.03.2026 20:48:00.000 UTC,1.16061,1.16079,1.16059,1.16079,142.4
06.03.2026 20:49:00.000 UTC,1.16078,1.16078,1.16054,1.16058,83.67
06.03.2026 20:50:00.000 UTC,1.16061,1.16063,1.16054,1.16059,79.74
06.03.2026 20:51:00.000 UTC,1.1606,1.16083,1.16054,1.16075,120.8
06.03.2026 20:52:00.000 UTC,1.16075,1.16092,1.16075,1.16084,136.35
06.03.2026 20:53:00.000 UTC,1.16083,1.16091,1.16075,1.16079,143.1
06.03.2026 20:54:00.000 UTC,1.16077,1.16098,1.16064,1.16096,187.39
06.03.2026 20:55:00.000 UTC,1.16095,1.16095,1.16075,1.16086,136.57
06.03.2026 20:56:00.000 UTC,1.16084,1.16089,1.16063,1.16066,114.94
06.03.2026 20:57:00.000 UTC,1.16065,1.16075,1.16056,1.16063,73.8
06.03.2026 20:58:00.000 UTC,1.16062,1.16071,1.16062,1.16066,28.35
06.03.2026 20:59:00.000 UTC,1.16065,1.16065,1.16056,1.16058,69.52
06.03.2026 21:00:00.000 UTC,1.16057,1.16069,1.1605,1.16056,55.26
06.03.2026 21:01:00.000 UTC,1.16055,1.16078,1.16055,1.16077,159.27
06.03.2026 21:02:00.000 UTC,1.16076,1.16092,1.16076,1.16084,36.45
06.03.2026 21:03:00.000 UTC,1.16086,1.16116,1.16086,1.16115,42.74
06.03.2026 21:04:00.000 UTC,1.16117,1.16117,1.16115,1.16117,11.7
06.03.2026 21:05:00.000 UTC,1.16114,1.16147,1.16113,1.16147,58.49
06.03.2026 21:06:00.000 UTC,1.16146,1.16148,1.16135,1.16139,74.7
06.03.2026 21:07:00.000 UTC,1.16139,1.16142,1.1613,1.16134,92.24
06.03.2026 21:08:00.000 UTC,1.1613,1.16131,1.16106,1.16116,78.52
06.03.2026 21:09:00.000 UTC,1.16117,1.16127,1.16115,1.16125,41.85
06.03.2026 21:10:00.000 UTC,1.16126,1.16148,1.16124,1.16148,23.4
06.03.2026 21:11:00.000 UTC,1.16147,1.16169,1.16147,1.16155,76.7
06.03.2026 21:12:00.000 UTC,1.16156,1.1617,1.16155,1.16168,106.87
06.03.2026 21:13:00.000 UTC,1.16168,1.16172,1.16164,1.16167,27
06.03.2026 21:14:00.000 UTC,1.16166,1.16169,1.16166,1.16169,3.15
06.03.2026 21:15:00.000 UTC,1.16167,1.16167,1.1615,1.16151,68.62
06.03.2026 21:16:00.000 UTC,1.16151,1.16154,1.16145,1.16147,13.5
06.03.2026 21:17:00.000 UTC,1.16145,1.1615,1.16145,1.16148,30.26
06.03.2026 21:18:00.000 UTC,1.1615,1.16151,1.16146,1.16148,20.98
06.03.2026 21:19:00.000 UTC,1.16148,1.1615,1.16147,1.16147,56.02
06.03.2026 21:20:00.000 UTC,1.16152,1.16161,1.1615,1.1616,116.53
06.03.2026 21:21:00.000 UTC,1.16159,1.16161,1.16155,1.16159,67.5
06.03.2026 21:22:00.000 UTC,1.16161,1.1617,1.1616,1.16169,50.71
06.03.2026 21:23:00.000 UTC,1.1617,1.16175,1.16169,1.16173,5.4
06.03.2026 21:24:00.000 UTC,1.16174,1.16176,1.16172,1.16176,81
06.03.2026 21:25:00.000 UTC,1.16176,1.16176,1.16163,1.16163,49.23
06.03.2026 21:26:00.000 UTC,1.16163,1.16172,1.16158,1.1617,55.8
06.03.2026 21:27:00.000 UTC,1.1617,1.16182,1.16168,1.16174,95.85
06.03.2026 21:28:00.000 UTC,1.16174,1.16178,1.16169,1.16169,56.92
06.03.2026 21:29:00.000 UTC,1.16169,1.16177,1.16159,1.1616,88.65
06.03.2026 21:30:00.000 UTC,1.16158,1.16161,1.1614,1.1614,92.88
06.03.2026 21:31:00.000 UTC,1.16139,1.16141,1.16133,1.16138,125.55
06.03.2026 21:32:00.000 UTC,1.16137,1.16144,1.16121,1.16121,55.8
06.03.2026 21:33:00.000 UTC,1.16123,1.1613,1.16118,1.16126,59.85
06.03.2026 21:34:00.000 UTC,1.16125,1.16126,1.16109,1.16114,89.64
06.03.2026 21:35:00.000 UTC,1.16115,1.16131,1.16113,1.16129,54.9
06.03.2026 21:36:00.000 UTC,1.16128,1.16128,1.16114,1.16125,49.5
06.03.2026 21:37:00.000 UTC,1.16126,1.16135,1.16123,1.16124,80.55
06.03.2026 21:38:00.000 UTC,1.16125,1.1613,1.16119,1.16128,39.6
06.03.2026 21:39:00.000 UTC,1.16126,1.16131,1.16125,1.16128,57.6
06.03.2026 21:40:00.000 UTC,1.16128,1.16128,1.16112,1.16123,45.9
06.03.2026 21:41:00.000 UTC,1.16122,1.16128,1.16112,1.16113,29.25
06.03.2026 21:42:00.000 UTC,1.16117,1.16124,1.16113,1.16114,26.55
06.03.2026 21:43:00.000 UTC,1.16114,1.16127,1.16114,1.16125,32.4
06.03.2026 21:44:00.000 UTC,1.16125,1.16125,1.16108,1.1611,32.4
06.03.2026 21:45:00.000 UTC,1.16108,1.16108,1.16098,1.16099,40.5
06.03.2026 21:46:00.000 UTC,1.16101,1.16103,1.16094,1.16094,80.86
06.03.2026 21:47:00.000 UTC,1.16096,1.16096,1.16083,1.16089,63.63
06.03.2026 21:48:00.000 UTC,1.16087,1.16093,1.16069,1.16091,73.08
06.03.2026 21:49:00.000 UTC,1.16091,1.16104,1.16091,1.16101,50.85
06.03.2026 21:50:00.000 UTC,1.16101,1.16104,1.16096,1.161,13.05
06.03.2026 21:51:00.000 UTC,1.16101,1.16102,1.16095,1.16099,30.6
06.03.2026 21:52:00.000 UTC,1.16101,1.16117,1.16098,1.16104,154.48
06.03.2026 21:53:00.000 UTC,1.16103,1.16131,1.16103,1.1612,112.23
06.03.2026 21:54:00.000 UTC,1.16121,1.16135,1.16119,1.1613,103.14
06.03.2026 21:55:00.000 UTC,1.16135,1.16152,1.16124,1.1614,217.44
06.03.2026 21:56:00.000 UTC,1.16139,1.16176,1.16139,1.16166,115.2
06.03.2026 21:57:00.000 UTC,1.16168,1.16174,1.16152,1.16158,82.5
06.03.2026 21:58:00.000 UTC,1.16158,1.16182,1.16158,1.16167,282.69
06.03.2026 21:59:00.000 UTC,1.16168,1.16181,1.16151,1.1617,85.25